Date,Exercise,Category,Weight (kgs),Reps,Distance,Distance Unit,Time,Comment
2017-04-17,Deadlift,Back,150.0,3,,,,""
2017-04-17,Deadlift,Back,155.0,3,,,,""
2017-04-17,Deadlift,Back,160.0,3,,,,""
2017-04-17,Deadlift,Back,165.0,3,,,,""
2017-04-17,Deadlift,Back,170.0,3,,,,""
2017-04-17,Chin Up,Back,0.0,10,,,,""
2017-04-17,Chin Up,Back,0.0,10,,,,""
2017-04-17,Chin Up,Back,0.0,10,,,,""
2017-04-17,Chin Up,Back,0.0,10,,,,""
2017-04-17,Chin Up,Back,0.0,10,,,,""
2017-04-17,Plank,Abs,0.0,30,,,,""
2017-04-17,Plank,Abs,0.0,30,,,,""
2017-04-17,Plank,Abs,0.0,30,,,,""
2017-04-17,Plank,Abs,0.0,30,,,,""
2017-04-17,Plank,Abs,0.0,30,,,,""
2017-04-17,Glute-Ham Raise,Legs,10.0,12,,,,""
2017-04-17,Glute-Ham Raise,Legs,10.0,12,,,,""
2017-04-17,Glute-Ham Raise,Legs,10.0,12,,,,""
2017-04-17,Glute-Ham Raise,Legs,10.0,12,,,,""
2017-04-17,T-Bar Row,Back,45.0,12,,,,""
2017-04-17,T-Bar Row,Back,45.0,12,,,,""
2017-04-17,T-Bar Row,Back,45.0,12,,,,""
2017-04-17,T-Bar Row,Back,45.0,12,,,,""
2017-04-17,Seated Cable Row,Back,70.0,12,,,,""
2017-04-17,Seated Cable Row,Back,70.0,12,,,,""
2017-04-17,Seated Cable Row,Back,70.0,12,,,,""
2017-04-17,Seated Cable Row,Back,70.0,12,,,,""
2017-04-17,Rowing Machine,Cardio,,,200.0,m,0:01:48,""
2017-04-20,Safety Squat Bar,Legs,110.0,10,,,,""
2017-04-20,Safety Squat Bar,Legs,110.0,8,,,,""
2017-04-20,Safety Squat Bar,Legs,110.0,8,,,,""
2017-04-20,Safety Squat Bar,Legs,110.0,8,,,,""
2017-04-20,Goblet Squats,Legs,35.0,6,,,,""
2017-04-20,Goblet Squats,Legs,40.0,6,,,,""
2017-04-20,Goblet Squats,Legs,46.0,6,,,,""
2017-04-20,Leg Extension Machine,Legs,10.0,15,,,,""
2017-04-20,Leg Extension Machine,Legs,10.0,15,,,,""
2017-04-20,Leg Extension Machine,Legs,10.0,15,,,,""
2017-04-20,Leg Extension Machine,Legs,10.0,15,,,,""
2017-04-20,Farmer Carry,Legs,200.0,20,,,,""
2017-04-24,Deadlift,Back,60.0,5,,,,""
2017-04-24,Deadlift,Back,60.0,5,,,,""
2017-04-24,Deadlift,Back,110.0,2,,,,""
2017-04-24,Deadlift,Back,140.0,2,,,,""
2017-04-24,Deadlift,Back,170.0,1,,,,""
2017-04-24,Deadlift,Back,175.0,3,,,,""
2017-04-24,Deadlift,Back,177.5,3,,,,""
2017-04-24,Plank,Abs,0.0,30,,,,""
2017-04-24,Plank,Abs,0.0,30,,,,""
2017-04-24,Deadlift,Back,180.0,3,,,,""
2017-04-24,Plank,Abs,0.0,30,,,,""
2017-04-24,Deadlift,Back,182.5,3,,,,""
2017-04-24,Deadlift,Back,185.0,3,,,,""
2017-04-24,Glute-Ham Raise,Legs,0.0,12,,,,""
2017-04-24,T-Bar Row,Back,40.0,12,,,,""
2017-04-24,Decline Crunch,Abs,0.0,12,,,,""
2017-04-24,Decline Crunch,Abs,10.0,10,,,,""
2017-04-24,T-Bar Row,Back,45.0,12,,,,""
2017-04-24,Glute-Ham Raise,Legs,10.0,12,,,,""
2017-04-24,Glute-Ham Raise,Legs,10.0,12,,,,""
2017-04-24,T-Bar Row,Back,50.0,12,,,,""
2017-04-24,Decline Crunch,Abs,10.0,10,,,,""
2017-04-24,Glute-Ham Raise,Legs,10.0,12,,,,""
2017-04-24,T-Bar Row,Back,55.0,12,,,,""
2017-04-24,Decline Crunch,Abs,10.0,10,,,,""
2017-04-24,AMRAP Deadlift,Back,100.0,15,,,,"30 seconds"
2017-04-24,AMRAP Deadlift,Back,100.0,13,,,,"30 seconds"
2017-04-24,Weighted Sled Pull,Cardio,,,20.0,m,0:00:20,"20 kg"
2017-04-24,Weighted Sled Pull,Cardio,,,20.0,m,0:00:20,"20 kg"
2017-04-24,Weighted Sled Pull,Cardio,,,20.0,m,0:00:20,"20 kg"
2017-04-24,Weighted Sled Pull,Cardio,,,20.0,m,0:00:20,"20 kg"
2017-04-24,Battle Ropes,Cardio,,,0.0,m,0:00:20,""
2017-04-24,Battle Ropes,Cardio,,,0.0,m,0:00:20,""
2017-04-24,Battle Ropes,Cardio,,,0.0,m,0:00:20,""
2017-04-24,Battle Ropes,Cardio,,,0.0,m,0:00:20,""
2017-04-24,Rear Delt Machine Fly,Shoulders,20.0,15,,,,""
2017-04-24,Crunch Machine,Abs,60.0,15,,,,""
2017-04-24,Crunch Machine,Abs,60.0,15,,,,""
2017-04-24,Rear Delt Machine Fly,Shoulders,20.0,15,,,,""
2017-04-24,Rear Delt Machine Fly,Shoulders,20.0,15,,,,""
2017-04-24,Crunch Machine,Abs,60.0,15,,,,""
2017-04-25,Neutral Grip Db Press,Chest,10.0,12,,,,""
2017-04-25,Neutral Grip Db Press,Chest,10.0,12,,,,""
2017-04-25,Dumbbell Row,Back,10.0,12,,,,""
2017-04-25,Dumbbell Row,Back,10.0,12,,,,""
2017-04-25,Dumbbell Row,Back,20.0,12,,,,""
2017-04-25,Neutral Grip Db Press,Chest,20.0,12,,,,""
2017-04-25,Neutral Grip Db Press,Chest,26.0,12,,,,""
2017-04-25,Dumbbell Row,Back,26.0,12,,,,""
2017-04-25,Plank,Abs,0.0,30,,,,""
2017-04-25,Dumbbell Row,Back,28.0,12,,,,""
2017-04-25,Neutral Grip Db Press,Chest,28.0,12,,,,""
2017-04-25,Plank,Abs,0.0,30,,,,""
2017-04-25,Dumbbell Row,Back,30.0,12,,,,""
2017-04-25,Neutral Grip Db Press,Chest,30.0,12,,,,""
2017-04-25,Plank,Abs,0.0,30,,,,""
2017-04-25,Plank,Abs,0.0,30,,,,""
2017-04-25,Dumbbell Row,Back,32.0,12,,,,""
2017-04-25,Neutral Grip Db Press,Chest,32.0,12,,,,""
2017-04-25,Close Grip Barbell Bench Press,Triceps,60.0,4,,,,""
2017-04-25,Barbell Row,Back,60.0,10,,,,""
2017-04-25,Barbell Row,Back,80.0,3,,,,""
2017-04-25,Close Grip Barbell Bench Press,Triceps,80.0,3,,,,""
2017-04-25,Close Grip Barbell Bench Press,Triceps,85.0,3,,,,""
2017-04-25,Barbell Row,Back,85.0,3,,,,""
2017-04-25,Barbell Row,Back,90.0,3,,,,""
2017-04-25,Close Grip Barbell Bench Press,Triceps,90.0,3,,,,""
2017-04-25,Close Grip Barbell Bench Press,Triceps,95.0,3,,,,""
2017-04-25,Barbell Row,Back,95.0,3,,,,""
2017-04-25,Barbell Row,Back,100.0,3,,,,""
2017-04-25,Close Grip Barbell Bench Press,Triceps,100.0,3,,,,""
2017-04-25,V-Bar Push Down,Triceps,31.5,15,,,,""
2017-04-25,V-Bar Push Down,Triceps,31.5,15,,,,""
2017-04-25,Rowing Machine,Cardio,,,200.0,m,0:01:51,""
2017-04-27,Safety Squat Bar,Legs,60.0,4,,,,""
2017-04-27,Safety Squat Bar,Legs,80.0,2,,,,""
2017-04-27,Safety Squat Bar,Legs,95.0,12,,,,""
2017-04-27,Around The World,Abs,20.0,12,,,,""
2017-04-27,Around The World,Abs,20.0,12,,,,""
2017-04-27,Safety Squat Bar,Legs,100.0,12,,,,""
2017-04-27,Safety Squat Bar,Legs,105.0,12,,,,""
2017-04-27,Around The World,Abs,20.0,12,,,,""
2017-04-27,Safety Squat Bar,Legs,90.0,12,,,,""
2017-04-27,Around The World,Abs,20.0,12,,,,""
2017-04-27,Barbell Front Squat,Legs,50.0,3,,,,""
2017-04-27,Barbell Front Squat,Legs,75.0,5,,,,""
2017-04-27,T-Bar Row,Back,20.0,12,,,,""
2017-04-27,Decline Crunch,Abs,0.0,10,,,,""
2017-04-27,Decline Crunch,Abs,0.0,12,,,,""
2017-04-27,Barbell Front Squat,Legs,75.0,5,,,,""
2017-04-27,T-Bar Row,Back,20.0,12,,,,""
2017-04-27,T-Bar Row,Back,20.0,12,,,,""
2017-04-27,Barbell Front Squat,Legs,75.0,5,,,,""
2017-04-27,Decline Crunch,Abs,0.0,12,,,,""
2017-04-27,Decline Crunch,Abs,0.0,12,,,,""
2017-04-27,T-Bar Row,Back,20.0,12,,,,""
2017-04-27,Barbell Front Squat,Legs,75.0,5,,,,""
2017-04-27,Barbell Front Squat,Legs,75.0,5,,,,""
2017-04-27,T-Bar Row,Back,20.0,12,,,,""
2017-04-27,Decline Crunch,Abs,0.0,12,,,,""
2017-04-27,Barbell Front Squat,Legs,75.0,5,,,,""
2017-04-27,T-Bar Row,Back,20.0,12,,,,""
2017-04-27,Decline Crunch,Abs,0.0,12,,,,""
2017-04-27,Farmer Carry,Legs,180.0,20,,,,""
2017-04-27,Farmer Carry,Legs,210.0,20,,,,""
2017-04-27,Sled Sprints + Burpees,Cardio,,,0.0,m,0:02:48,"20 m 20kg + 5 Burpees"
2017-04-28,Log Press,Shoulders,40.0,5,,,,""
2017-04-28,Barbell Row,Back,70.0,10,,,,""
2017-04-28,Banded Twists,Abs,0.0,16,,,,""
2017-04-28,Banded Twists,Abs,0.0,16,,,,""
2017-04-28,Barbell Row,Back,70.0,10,,,,""
2017-04-28,Log Press,Shoulders,40.0,5,,,,""
2017-04-28,Log Press,Shoulders,40.0,5,,,,""
2017-04-28,Barbell Row,Back,70.0,10,,,,""
2017-04-28,Banded Twists,Abs,0.0,16,,,,""
2017-04-28,Banded Twists,Abs,0.0,16,,,,""
2017-04-28,Barbell Row,Back,70.0,10,,,,""
2017-04-28,Log Press,Shoulders,40.0,5,,,,""
2017-04-28,Log Press,Shoulders,40.0,5,,,,""
2017-04-28,Barbell Row,Back,70.0,10,,,,""
2017-04-28,Banded Twists,Abs,0.0,16,,,,""
2017-04-28,Log Press,Shoulders,40.0,5,,,,""
2017-04-28,Barbell Row,Back,70.0,10,,,,""
2017-04-28,Hammer Strength Shoulder Press,Shoulders,15.0,12,,,,""
2017-04-28,Lateral Dumbbell Raise,Shoulders,5.0,12,,,,""
2017-04-28,Hammer Strength Row,Back,15.0,12,,,,""
2017-04-28,Hammer Strength Row,Back,20.0,12,,,,""
2017-04-28,Lateral Dumbbell Raise,Shoulders,5.0,12,,,,""
2017-04-28,Hammer Strength Shoulder Press,Shoulders,20.0,12,,,,""
2017-04-28,Hammer Strength Shoulder Press,Shoulders,25.0,12,,,,""
2017-04-28,Lateral Dumbbell Raise,Shoulders,5.0,12,,,,""
2017-04-28,Hammer Strength Row,Back,25.0,12,,,,""
2017-04-28,Hammer Strength Row,Back,27.5,12,,,,""
2017-04-28,Hammer Strength Shoulder Press,Shoulders,27.5,12,,,,""
2017-04-28,Circus Dumbbell,Shoulders,20.0,0,,,,""
2017-04-28,Circus Dumbbell,Shoulders,20.0,1,,,,""
2017-04-28,Circus Dumbbell,Shoulders,30.0,1,,,,""
2017-04-28,Circus Dumbbell,Shoulders,36.0,1,,,,""
2017-04-28,Circus Dumbbell,Shoulders,40.0,1,,,,""
2017-04-28,Cycling,Cardio,,,1.78,mi,0:05:00,""
2017-05-01,Stone To Shoulder + Suicide Sprints,Cardio,,,20.0,m,0:01:01,""
2017-05-01,Stone To Shoulder + Suicide Sprints,Cardio,,,20.0,m,0:00:43,""
2017-05-01,Stone To Shoulder + Suicide Sprints,Cardio,,,20.0,m,0:00:35,""
2017-05-03,Overhead Press,Shoulders,30.0,10,,,,""
2017-05-03,Lat Pulldown,Back,50.0,10,,,,""
2017-05-03,Decline Crunch,Abs,0.0,10,,,,""
2017-05-03,Lat Pulldown,Back,60.0,10,,,,""
2017-05-03,Decline Crunch,Abs,0.0,10,,,,""
2017-05-03,Overhead Press,Shoulders,40.0,12,,,,""
2017-05-03,Lat Pulldown,Back,70.0,10,,,,""
2017-05-03,Lat Pulldown,Back,75.0,10,,,,""
2017-05-03,Lat Pulldown,Back,80.0,10,,,,""
2017-05-03,Incline Barbell Bench Press,Chest,50.0,5,,,,""
2017-05-03,Barbell Row,Back,50.0,5,,,,""
2017-05-03,Barbell Row,Back,50.0,5,,,,""
2017-05-03,Incline Barbell Bench Press,Chest,50.0,5,,,,""
2017-05-03,Incline Barbell Bench Press,Chest,50.0,5,,,,""
2017-05-03,Barbell Row,Back,50.0,5,,,,""
2017-05-03,Barbell Row,Back,50.0,5,,,,""
2017-05-03,Incline Barbell Bench Press,Chest,50.0,5,,,,""
2017-05-03,Incline Barbell Bench Press,Chest,50.0,5,,,,""
2017-05-03,Barbell Row,Back,50.0,5,,,,""
2017-05-03,Barbell Row,Back,50.0,5,,,,""
2017-05-03,Incline Barbell Bench Press,Chest,50.0,5,,,,""
2017-05-03,Parallel Bar Triceps Dip,Triceps,0.0,6,,,,""
2017-05-03,Parallel Bar Triceps Dip,Triceps,0.0,8,,,,""
2017-05-03,Parallel Bar Triceps Dip,Triceps,0.0,8,,,,""
2017-05-03,Parallel Bar Triceps Dip,Triceps,0.0,8,,,,""
2017-05-03,Military Press,Shoulders,50.0,12,,,,""
2017-05-03,Military Press,Shoulders,60.0,12,,,,""
2017-05-04,Barbell Squat,Legs,60.0,6,,,,""
2017-05-04,Barbell Squat,Legs,80.0,3,,,,""
2017-05-04,Barbell Squat,Legs,100.0,1,,,,""
2017-05-04,Barbell Squat,Legs,120.0,1,,,,""
2017-05-04,Barbell Squat,Legs,130.0,3,,,,""
2017-05-04,T-Bar Row,Back,25.0,12,,,,""
2017-05-04,Barbell Squat,Legs,135.0,3,,,,""
2017-05-04,T-Bar Row,Back,25.0,12,,,,""
2017-05-04,Barbell Squat,Legs,140.0,3,,,,""
2017-05-04,T-Bar Row,Back,25.0,12,,,,""
2017-05-04,T-Bar Row,Back,25.0,12,,,,""
2017-05-04,Barbell Squat,Legs,145.0,3,,,,""
2017-05-04,Barbell Squat,Legs,150.0,3,,,,""
2017-05-04,T-Bar Row,Back,25.0,12,,,,""
2017-05-04,Barbell Front Squat,Legs,70.0,10,,,,""
2017-05-04,Leg Extension Machine,Legs,50.0,12,,,,""
2017-05-04,Ab-Wheel Rollout,Abs,0.0,5,,,,""
2017-05-04,Ab-Wheel Rollout,Abs,0.0,5,,,,""
2017-05-04,Leg Extension Machine,Legs,50.0,12,,,,""
2017-05-04,Barbell Front Squat,Legs,75.0,8,,,,""
2017-05-04,Barbell Front Squat,Legs,75.0,10,,,,""
2017-05-04,Leg Extension Machine,Legs,50.0,12,,,,""
2017-05-04,Ab-Wheel Rollout,Abs,0.0,5,,,,""
2017-05-04,Barbell Front Squat,Legs,75.0,12,,,,""
2017-05-04,Leg Extension Machine,Legs,50.0,12,,,,""
2017-05-04,Ab-Wheel Rollout,Abs,0.0,5,,,,""
2017-05-04,Skipping + Hammer,Cardio,,,50.0,m,0:06:06,"50 total reps"
2017-05-05,Push Press,Shoulders,50.0,5,,,,""
2017-05-05,Pull Up,Back,0.0,5,,,,""
2017-05-05,Decline Crunch,Abs,0.0,10,,,,""
2017-05-05,Decline Crunch,Abs,0.0,10,,,,""
2017-05-05,Pull Up,Back,0.0,5,,,,""
2017-05-05,Push Press,Shoulders,50.0,3,,,,""
2017-05-05,Push Press,Shoulders,50.0,5,,,,""
2017-05-05,Pull Up,Back,0.0,5,,,,""
2017-05-05,Decline Crunch,Abs,0.0,10,,,,""
2017-05-05,Push Press,Shoulders,50.0,5,,,,""
2017-05-05,Pull Up,Back,0.0,5,,,,""
2017-05-05,Decline Crunch,Abs,0.0,10,,,,""
2017-05-05,Decline Crunch,Abs,0.0,10,,,,""
2017-05-05,Pull Up,Back,0.0,5,,,,""
2017-05-05,Push Press,Shoulders,50.0,5,,,,""
2017-05-05,Push Press,Shoulders,55.0,3,,,,""
2017-05-05,Pull Up,Back,0.0,5,,,,""
2017-05-05,Decline Crunch,Abs,0.0,10,,,,""
2017-05-05,Decline Crunch,Abs,10.0,8,,,,""
2017-05-05,Pull Up,Back,15.0,3,,,,""
2017-05-05,Overhead Press,Shoulders,55.0,3,,,,""
2017-05-05,Overhead Press,Shoulders,57.5,3,,,,""
2017-05-05,Pull Up,Back,20.0,3,,,,""
2017-05-05,Decline Crunch,Abs,10.0,8,,,,""
2017-05-05,Decline Crunch,Abs,10.0,8,,,,""
2017-05-05,Pull Up,Back,25.0,3,,,,""
2017-05-05,Overhead Press,Shoulders,60.0,3,,,,""
2017-05-05,Overhead Press,Shoulders,62.5,3,,,,""
2017-05-05,Decline Crunch,Abs,10.0,8,,,,""
2017-05-05,Pull Up,Back,25.0,3,,,,""
2017-05-05,Pull Up,Back,25.0,3,,,,""
2017-05-05,Decline Crunch,Abs,10.0,8,,,,""
2017-05-05,Overhead Press,Shoulders,62.5,3,,,,""
2017-05-05,Overhead Press,Shoulders,65.0,3,,,,""
2017-05-05,Pull Up,Back,25.0,3,,,,""
2017-05-05,Overhead Press,Shoulders,67.5,3,,,,""
2017-05-05,Dumbbell Shoulder Press,Shoulders,10.0,10,,,,""
2017-05-05,Dumbbell Shoulder Press,Shoulders,25.0,15,,,,""
2017-05-05,Lateral Dumbbell Raise,Shoulders,7.5,10,,,,"Seated"
2017-05-05,Rear Delt Machine Fly,Shoulders,20.0,12,,,,""
2017-05-05,Lateral Dumbbell Raise,Shoulders,7.5,10,,,,""
2017-05-05,Dumbbell Shoulder Press,Shoulders,25.0,15,,,,""
2017-05-05,Rear Delt Machine Fly,Shoulders,20.0,10,,,,""
2017-05-05,Rear Delt Machine Fly,Shoulders,20.0,12,,,,""
2017-05-05,Lateral Dumbbell Raise,Shoulders,7.5,10,,,,""
2017-05-05,Dumbbell Shoulder Press,Shoulders,25.0,15,,,,""
2017-05-05,Dumbbell Shoulder Press,Shoulders,25.0,15,,,,""
2017-05-05,Lateral Dumbbell Raise,Shoulders,7.5,10,,,,""
2017-05-05,Rear Delt Machine Fly,Shoulders,20.0,12,,,,""
2017-05-05,Rear Delt Machine Fly,Shoulders,20.0,10,,,,""
2017-05-05,Lateral Dumbbell Raise,Shoulders,7.5,10,,,,""
2017-05-05,Dumbbell Shoulder Press,Shoulders,25.0,12,,,,""
2017-05-08,Deadlift,Back,140.0,12,,,,""
2017-05-08,Plank,Abs,0.0,30,,,,""
2017-05-08,Deadlift,Back,145.0,12,,,,""
2017-05-08,Plank,Abs,0.0,30,,,,""
2017-05-08,Plank,Abs,0.0,30,,,,""
2017-05-08,Deadlift,Back,150.0,9,,,,""
2017-05-08,Deadlift,Back,155.0,8,,,,"Beltless"
2017-05-08,KB Swings,Back,20.0,10,,,,""
2017-05-08,Stiff-Legged Deadlift,Legs,100.0,5,,,,""
2017-05-08,Glute-Ham Raise,Legs,0.0,10,,,,""
2017-05-08,Chin Up,Back,0.0,5,,,,""
2017-05-08,Chin Up,Back,0.0,5,,,,""
2017-05-08,Glute-Ham Raise,Legs,0.0,10,,,,""
2017-05-08,Stiff-Legged Deadlift,Legs,100.0,5,,,,""
2017-05-08,KB Swings,Back,20.0,10,,,,""
2017-05-08,Chin Up,Back,0.0,5,,,,""
2017-05-08,Glute-Ham Raise,Legs,0.0,10,,,,""
2017-05-08,Stiff-Legged Deadlift,Legs,100.0,5,,,,""
2017-05-08,KB Swings,Back,20.0,10,,,,""
2017-05-08,KB Swings,Back,20.0,10,,,,""
2017-05-08,Stiff-Legged Deadlift,Legs,100.0,5,,,,""
2017-05-08,Glute-Ham Raise,Legs,0.0,10,,,,""
2017-05-08,Chin Up,Back,0.0,5,,,,""
2017-05-08,Hammer Strength Row,Back,25.0,12,,,,""
2017-05-08,Hammer Strength Row,Back,30.0,12,,,,""
2017-05-08,Hammer Strength Row,Back,35.0,12,,,,""
2017-05-08,Hammer Strength Row,Back,40.0,12,,,,""
2017-05-08,Single Leg Curl,Legs,10.0,15,,,,""
2017-05-08,Single Leg Curl,Legs,10.0,15,,,,""
2017-05-08,Single Leg Curl,Legs,10.0,15,,,,""
2017-05-08,Single Leg Curl,Legs,10.0,15,,,,""
2017-05-09,Log Press,Shoulders,50.0,2,,,,""
2017-05-09,Chin Up,Back,0.0,3,,,,""
2017-05-09,Chin Up,Back,15.0,3,,,,""
2017-05-09,Log Press,Shoulders,60.0,2,,,,""
2017-05-09,Log Press,Shoulders,62.5,2,,,,""
2017-05-09,Chin Up,Back,20.0,3,,,,""
2017-05-09,Decline Crunch,Abs,0.0,10,,,,""
2017-05-09,Chin Up,Back,25.0,3,,,,""
2017-05-09,Log Press,Shoulders,65.0,2,,,,""
2017-05-09,Hanging Knee Raise,Abs,0.0,10,,,,""
2017-05-09,Log Press,Shoulders,67.5,2,,,,""
2017-05-09,Chin Up,Back,20.0,3,,,,""
2017-05-09,Hanging Knee Raise,Abs,0.0,10,,,,""
2017-05-09,Decline Crunch,Abs,0.0,10,,,,""
2017-05-09,Chin Up,Back,20.0,3,,,,""
2017-05-09,Log Press,Shoulders,70.0,2,,,,""
2017-05-09,Incline Barbell Bench Press,Chest,50.0,12,,,,""
2017-05-09,Barbell Row,Back,50.0,12,,,,""
2017-05-09,Push Ups,Chest,0.0,20,,,,""
2017-05-09,Push Ups,Chest,0.0,10,,,,""
2017-05-09,Barbell Row,Back,60.0,12,,,,""
2017-05-09,Incline Barbell Bench Press,Chest,60.0,12,,,,""
2017-05-09,Incline Barbell Bench Press,Chest,65.0,8,,,,""
2017-05-09,Push Ups,Chest,0.0,10,,,,""
2017-05-09,Push Ups,Chest,0.0,9,,,,""
2017-05-09,Incline Barbell Bench Press,Chest,70.0,5,,,,""
2017-05-09,Parallel Bar Triceps Dip,Triceps,0.0,15,,,,""
2017-05-09,Parallel Bar Triceps Dip,Triceps,0.0,15,,,,""
2017-05-09,Parallel Bar Triceps Dip,Triceps,0.0,10,,,,""
2017-05-09,Parallel Bar Triceps Dip,Triceps,0.0,10,,,,""
2017-05-09,Parallel Bar Triceps Dip,Triceps,0.0,10,,,,""
2017-05-12,Barbell Squat,Legs,60.0,6,,,,""
2017-05-12,Barbell Squat,Legs,80.0,3,,,,""
2017-05-12,Barbell Squat,Legs,100.0,3,,,,""
2017-05-12,Hammer Swings,Cardio,,,15.0,m,0:00:00,""
2017-05-12,Ab-Wheel Rollout,Abs,0.0,5,,,,""
2017-05-12,Ab-Wheel Rollout,Abs,0.0,5,,,,""
2017-05-12,Hammer Swings,Cardio,,,15.0,m,0:00:00,""
2017-05-12,Barbell Squat,Legs,105.0,3,,,,""
2017-05-12,Barbell Squat,Legs,110.0,3,,,,""
2017-05-12,Hammer Swings,Cardio,,,15.0,m,0:00:00,""
2017-05-12,Ab-Wheel Rollout,Abs,0.0,5,,,,""
2017-05-12,Ab-Wheel Rollout,Abs,0.0,5,,,,""
2017-05-12,Hammer Swings,Cardio,,,15.0,m,0:00:00,""
2017-05-12,Barbell Squat,Legs,115.0,3,,,,""
2017-05-12,Barbell Squat,Legs,120.0,3,,,,""
2017-05-12,Hammer Swings,Cardio,,,15.0,m,0:00:00,""
2017-05-12,Ab-Wheel Rollout,Abs,0.0,5,,,,""
2017-05-12,Ab-Wheel Rollout,Abs,0.0,5,,,,""
2017-05-12,Hammer Swings,Cardio,,,15.0,m,0:00:00,""
2017-05-12,Barbell Squat,Legs,125.0,3,,,,""
2017-05-12,Barbell Squat,Legs,130.0,3,,,,""
2017-05-12,Ab-Wheel Rollout,Abs,0.0,5,,,,""
2017-05-12,Hammer Swings,Cardio,,,15.0,m,0:00:00,""
2017-05-12,Barbell Front Squat,Legs,80.0,2,,,,""
2017-05-12,Barbell Front Squat,Legs,100.0,2,,,,""
2017-05-12,Glute-Ham Raise,Legs,0.0,10,,,,""
2017-05-12,Glute-Ham Raise,Legs,0.0,10,,,,""
2017-05-12,Barbell Front Squat,Legs,102.5,2,,,,""
2017-05-12,Barbell Front Squat,Legs,105.0,2,,,,""
2017-05-12,Glute-Ham Raise,Legs,0.0,10,,,,""
2017-05-12,Glute-Ham Raise,Legs,0.0,10,,,,""
2017-05-12,Barbell Front Squat,Legs,110.0,2,,,,""
2017-05-12,Barbell Front Squat,Legs,115.0,2,,,,""
2017-05-12,Glute-Ham Raise,Legs,0.0,10,,,,""
2017-05-13,Behind The Neck Barbell Press,Shoulders,50.0,10,,,,""
2017-05-13,Pull Up,Back,0.0,10,,,,""
2017-05-13,Banded Twists,Abs,0.0,16,,,,""
2017-05-13,Banded Twists,Abs,0.0,16,,,,""
2017-05-13,Pull Up,Back,0.0,10,,,,""
2017-05-13,Behind The Neck Barbell Press,Shoulders,55.0,10,,,,""
2017-05-13,Behind The Neck Barbell Press,Shoulders,60.0,10,,,,""
2017-05-13,Pull Up,Back,0.0,10,,,,""
2017-05-13,Banded Twists,Abs,0.0,16,,,,""
2017-05-13,Banded Twists,Abs,0.0,16,,,,""
2017-05-13,Pull Up,Back,0.0,10,,,,""
2017-05-13,Behind The Neck Barbell Press,Shoulders,65.0,10,,,,""
2017-05-13,Overhead Press,Shoulders,40.0,3,,,,""
2017-05-13,Cable Face Pull,Shoulders,0.0,15,,,,""
2017-05-13,Lateral Dumbbell Raise,Shoulders,10.0,15,,,,""
2017-05-13,Lateral Dumbbell Raise,Shoulders,10.0,15,,,,""
2017-05-13,Cable Face Pull,Shoulders,0.0,15,,,,""
2017-05-13,Overhead Press,Shoulders,40.0,3,,,,""
2017-05-13,Overhead Press,Shoulders,45.0,3,,,,""
2017-05-13,Cable Face Pull,Shoulders,0.0,15,,,,""
2017-05-13,Lateral Dumbbell Raise,Shoulders,10.0,15,,,,""
2017-05-13,Lateral Dumbbell Raise,Shoulders,10.0,15,,,,""
2017-05-13,Cable Face Pull,Shoulders,0.0,15,,,,""
2017-05-13,Overhead Press,Shoulders,45.0,3,,,,""
2017-05-13,Overhead Press,Shoulders,50.0,3,,,,""
2017-05-13,Cable Face Pull,Shoulders,0.0,15,,,,""
2017-05-13,Lateral Dumbbell Raise,Shoulders,10.0,12,,,,""
2017-05-13,Lateral Dumbbell Raise,Shoulders,10.0,12,,,,""
2017-05-13,Cable Face Pull,Shoulders,0.0,15,,,,""
2017-05-13,Overhead Press,Shoulders,50.0,3,,,,""
2017-05-19,Leg Press,Legs,90.0,15,,,,""
2017-05-19,Leg Extension Machine,Legs,40.0,12,,,,""
2017-05-19,Leg Extension Machine,Legs,40.0,12,,,,""
2017-05-19,Leg Press,Legs,90.0,15,,,,""
2017-05-19,Leg Press,Legs,90.0,15,,,,""
2017-05-19,Leg Extension Machine,Legs,40.0,12,,,,""
2017-05-19,Leg Extension Machine,Legs,40.0,12,,,,""
2017-05-19,Leg Press,Legs,90.0,15,,,,""
2017-05-19,Hack Squat,Legs,15.0,10,,,,""
2017-05-19,Seated Cable Row,Back,15.0,15,,,,""
2017-05-19,Seated Cable Row,Back,30.0,15,,,,""
2017-05-19,Hack Squat,Legs,15.0,10,,,,""
2017-05-19,Hack Squat,Legs,15.0,10,,,,""
2017-05-19,Seated Cable Row,Back,30.0,15,,,,""
2017-05-20,Pull Up,Back,15.0,3,,,,""
2017-05-20,Log Press,Shoulders,60.0,2,,,,""
2017-05-20,Log Press,Shoulders,65.0,2,,,,""
2017-05-20,Log Press,Shoulders,70.0,2,,,,""
2017-05-20,Pull Up,Back,15.0,3,,,,""
2017-05-20,Pull Up,Back,15.0,3,,,,""
2017-05-20,Pull Up,Back,15.0,3,,,,""
2017-05-20,Log Press,Shoulders,75.0,2,,,,""
2017-05-20,Log Press,Shoulders,80.0,2,,,,""
2017-05-20,Pull Up,Back,15.0,3,,,,""
2017-05-20,Pull Up,Back,0.0,7,,,,""
2017-05-20,Overhead Press,Shoulders,40.0,8,,,,""
2017-05-20,Overhead Press,Shoulders,45.0,8,,,,""
2017-05-20,Pull Up,Back,0.0,7,,,,""
2017-05-20,Pull Up,Back,0.0,7,,,,""
2017-05-20,Overhead Press,Shoulders,50.0,8,,,,""
2017-05-20,Overhead Press,Shoulders,55.0,6,,,,""
2017-05-20,Pull Up,Back,0.0,7,,,,""
2017-05-23,Deadlift,Back,70.0,6,,,,""
2017-05-23,Deadlift,Back,70.0,6,,,,""
2017-05-23,Deadlift,Back,120.0,2,,,,""
2017-05-23,Deadlift,Back,120.0,1,,,,""
2017-05-23,Deadlift,Back,140.0,3,,,,""
2017-05-23,Ab-Wheel Rollout,Abs,0.0,5,,,,""
2017-05-23,Exercise Ball Leg Curl,Legs,0.0,12,,,,""
2017-05-23,Exercise Ball Leg Curl,Legs,0.0,12,,,,""
2017-05-23,Ab-Wheel Rollout,Abs,0.0,5,,,,""
2017-05-23,Deadlift,Back,145.0,2,,,,""
2017-05-23,Deadlift,Back,150.0,2,,,,""
2017-05-23,Ab-Wheel Rollout,Abs,0.0,5,,,,""
2017-05-23,Exercise Ball Leg Curl,Legs,0.0,12,,,,""
2017-05-23,Exercise Ball Leg Curl,Legs,0.0,12,,,,""
2017-05-23,Deadlift,Back,155.0,2,,,,""
2017-05-23,Deadlift,Back,155.0,2,,,,""
2017-05-23,Exercise Ball Leg Curl,Legs,0.0,12,,,,""
2017-05-23,Stiff-Legged Deadlift,Legs,155.0,2,,,,""
2017-05-23,Glute-Ham Raise,Legs,0.0,14,,,,""
2017-05-23,DB Row,Back,20.0,15,,,,""
2017-05-23,DB Row,Back,20.0,15,,,,""
2017-05-23,Glute-Ham Raise,Legs,0.0,12,,,,""
2017-05-23,Stiff-Legged Deadlift,Legs,160.0,2,,,,""
2017-05-23,Stiff-Legged Deadlift,Legs,165.0,2,,,,""
2017-05-23,Glute-Ham Raise,Legs,0.0,12,,,,""
2017-05-23,DB Row,Back,20.0,15,,,,""
2017-05-23,DB Row,Back,20.0,15,,,,""
2017-05-23,Glute-Ham Raise,Legs,0.0,12,,,,""
2017-05-23,Stiff-Legged Deadlift,Legs,170.0,2,,,,""
2017-05-23,Stiff-Legged Deadlift,Legs,175.0,2,,,,""
2017-05-23,Glute-Ham Raise,Legs,0.0,12,,,,""
2017-05-23,DB Row,Back,20.0,15,,,,""
2017-05-23,AMRAP Deadlift,Back,160.0,12,,,,""
2017-05-23,Seated Cable Row,Back,35.0,15,,,,""
2017-05-23,Lying Leg Curl Machine,Legs,30.0,12,,,,""
2017-05-23,Lying Leg Curl Machine,Legs,30.0,12,,,,""
2017-05-23,Seated Cable Row,Back,45.0,15,,,,""
2017-05-23,Seated Cable Row,Back,45.0,12,,,,""
2017-05-23,Lying Leg Curl Machine,Legs,30.0,12,,,,""
2017-05-23,Lying Leg Curl Machine,Legs,30.0,12,,,,""
2017-05-23,Seated Cable Row,Back,45.0,12,,,,""
2017-05-24,Barbell Row,Back,60.0,3,,,,""
2017-05-24,Flat Barbell Bench Press,Chest,60.0,3,,,,""
2017-05-24,Bicycle Twists,Abs,0.0,30,,,,""
2017-05-24,Bicycle Twists,Abs,0.0,30,,,,""
2017-05-24,Barbell Row,Back,80.0,2,,,,""
2017-05-24,Flat Barbell Bench Press,Chest,80.0,3,,,,""
2017-05-24,Flat Barbell Bench Press,Chest,100.0,3,,,,""
2017-05-24,Barbell Row,Back,100.0,2,,,,""
2017-05-24,Bicycle Twists,Abs,0.0,30,,,,""
2017-05-24,Bicycle Twists,Abs,0.0,30,,,,""
2017-05-24,Flat Barbell Bench Press,Chest,105.0,2,,,,""
2017-05-24,Barbell Row,Back,105.0,2,,,,""
2017-05-24,Barbell Row,Back,110.0,2,,,,""
2017-05-24,Flat Barbell Bench Press,Chest,110.0,2,,,,""
2017-05-24,Bicycle Twists,Abs,0.0,30,,,,""
2017-05-24,Bicycle Twists,Abs,0.0,30,,,,""
2017-05-24,Flat Barbell Bench Press,Chest,115.0,2,,,,""
2017-05-24,Barbell Row,Back,115.0,2,,,,""
2017-05-24,Flat Barbell Bench Press,Chest,120.0,1,,,,""
2017-05-24,Bicycle Twists,Abs,0.0,30,,,,""
2017-05-24,Barbell Row,Back,120.0,2,,,,""
2017-05-24,Barbell Row,Back,125.0,2,,,,""
2017-05-24,Flat Barbell Bench Press,Chest,125.0,1,,,,""
2017-05-24,Bicycle Twists,Abs,0.0,30,,,,""
2017-05-24,Neutral Grip Db Press,Chest,27.5,12,,,,""
2017-05-24,DB Row,Back,27.5,12,,,,""
2017-05-24,DB Row,Back,30.0,12,,,,""
2017-05-24,Neutral Grip Db Press,Chest,30.0,12,,,,""
2017-05-24,Neutral Grip Db Press,Chest,32.0,12,,,,""
2017-05-24,DB Row,Back,32.0,12,,,,""
2017-05-24,DB Row,Back,35.0,12,,,,""
2017-05-24,Neutral Grip Db Press,Chest,35.0,12,,,,""
2017-05-26,Barbell Squat,Legs,60.0,4,,,,""
2017-05-26,Barbell Squat,Legs,100.0,2,,,,""
2017-05-26,Barbell Squat,Legs,130.0,2,,,,""
2017-05-26,Barbell Squat,Legs,150.0,2,,,,""
2017-05-26,Barbell Squat,Legs,155.0,2,,,,""
2017-05-26,Barbell Squat,Legs,160.0,2,,,,""
2017-05-26,Barbell Squat,Legs,165.0,1,,,,""
2017-05-26,Barbell Squat,Legs,150.0,2,,,,""
2017-05-26,Barbell Front Squat,Legs,60.0,12,,,,""
2017-05-26,Leg Extension Machine,Legs,35.0,15,,,,""
2017-05-26,T-Bar Row,Back,35.0,12,,,,""
2017-05-26,T-Bar Row,Back,35.0,12,,,,""
2017-05-26,Leg Extension Machine,Legs,35.0,15,,,,""
2017-05-26,Barbell Front Squat,Legs,60.0,12,,,,""
2017-05-26,Barbell Front Squat,Legs,60.0,12,,,,""
2017-05-26,Leg Extension Machine,Legs,35.0,15,,,,""
2017-05-26,T-Bar Row,Back,35.0,12,,,,""
2017-05-26,T-Bar Row,Back,35.0,12,,,,""
2017-05-26,Leg Extension Machine,Legs,35.0,15,,,,""
2017-05-26,Barbell Front Squat,Legs,60.0,12,,,,""
2017-05-27,Pull Up,Back,0.0,3,,,,""
2017-05-27,Log Press,Shoulders,40.0,5,,,,""
2017-05-27,Log Press,Shoulders,40.0,5,,,,""
2017-05-27,Pull Up,Back,0.0,3,,,,""
2017-05-27,Pull Up,Back,0.0,6,,,,""
2017-05-27,Log Press,Shoulders,50.0,2,,,,""
2017-05-27,Pull Up,Back,0.0,6,,,,""
2017-05-27,Log Press,Shoulders,60.0,2,,,,""
2017-05-27,Log Press,Shoulders,70.0,1,,,,""
2017-05-27,Pull Up,Back,0.0,6,,,,""
2017-05-27,Pull Up,Back,0.0,8,,,,""
2017-05-27,Log Press,Shoulders,75.0,1,,,,""
2017-05-27,Log Press,Shoulders,80.0,1,,,,""
2017-05-27,Pull Up,Back,0.0,8,,,,""
2017-05-27,Pull Up,Back,0.0,8,,,,""
2017-05-27,Log Press,Shoulders,85.0,1,,,,""
2017-05-27,Pull Up,Back,0.0,8,,,,""
2017-05-27,Log Press,Shoulders,60.0,2,,,,""
2017-05-27,Log Press,Shoulders,60.0,2,,,,""
2017-05-27,Log Press,Shoulders,60.0,2,,,,""
2017-05-27,Log Press,Shoulders,60.0,2,,,,""
2017-05-29,Deadlift,Back,60.0,5,,,,""
2017-05-29,Deadlift,Back,60.0,5,,,,""
2017-05-29,Deadlift,Back,100.0,3,,,,""
2017-05-29,Deadlift,Back,100.0,3,,,,""
2017-05-29,Deadlift,Back,150.0,2,,,,""
2017-05-29,Deadlift,Back,180.0,2,,,,""
2017-05-29,Deadlift,Back,185.0,2,,,,""
2017-05-29,Deadlift,Back,190.0,2,,,,""
2017-05-29,Deadlift,Back,190.0,1,,,,""
2017-05-29,Stiff-Legged Deadlift,Legs,150.0,8,,,,""
2017-05-29,Stiff-Legged Deadlift,Legs,150.0,6,,,,""
2017-05-29,Stiff-Legged Deadlift,Legs,100.0,6,,,,""
2017-05-29,Pull Up,Back,0.0,8,,,,""
2017-05-29,Pull Up,Back,0.0,8,,,,""
2017-05-29,Pull Up,Back,0.0,6,,,,""
2017-05-29,Lat Pulldown,Back,70.0,12,,,,""
2017-05-29,Barbell Squat,Legs,60.0,3,,,,""
2017-05-29,Plank,Abs,0.0,30,,,,""
2017-05-29,Lat Pulldown,Back,70.0,12,,,,""
2017-05-29,Barbell Squat,Legs,60.0,3,,,,""
2017-05-29,Plank,Abs,0.0,30,,,,""
2017-05-29,Plank,Abs,0.0,30,,,,""
2017-05-29,Barbell Squat,Legs,60.0,3,,,,""
2017-05-29,Lat Pulldown,Back,70.0,12,,,,""
2017-05-29,Hammer Strength Row,Back,35.0,10,,,,""
2017-05-29,Hammer Strength Row,Back,40.0,10,,,,""
2017-05-29,Hammer Strength Row,Back,40.0,10,,,,""
2017-05-29,Hammer Strength Row,Back,40.0,10,,,,""
2017-06-03,Barbell Squat,Legs,60.0,4,,,,""
2017-06-03,Barbell Squat,Legs,100.0,3,,,,""
2017-06-03,Barbell Squat,Legs,130.0,1,,,,""
2017-06-03,Barbell Squat,Legs,150.0,1,,,,""
2017-06-03,Barbell Squat,Legs,160.0,1,,,,""
2017-06-03,Barbell Squat,Legs,140.0,3,,,,""
2017-06-03,Barbell Squat,Legs,140.0,3,,,,""
2017-06-03,Barbell Squat,Legs,140.0,3,,,,""
2017-06-03,Paused Squats,Legs,100.0,5,,,,""
2017-06-03,Paused Squats,Legs,100.0,5,,,,""
2017-06-03,Squat Machine,Legs,50.0,12,,,,""
2017-06-03,Squat Machine,Legs,90.0,12,,,,""
2017-06-03,Squat Machine,Legs,140.0,12,,,,""
2017-06-03,Squat Machine,Legs,170.0,10,,,,""
2017-06-03,Unilateral Leg Press,Legs,90.0,12,,,,""
2017-06-03,Unilateral Leg Press,Legs,90.0,12,,,,""
2017-06-03,Unilateral Leg Press,Legs,90.0,12,,,,""
2017-06-03,Unilateral Leg Press,Legs,90.0,12,,,,""
2017-06-04,Log Press,Shoulders,40.0,2,,,,""
2017-06-04,Log Press,Shoulders,40.0,2,,,,""
2017-06-04,Log Press,Shoulders,50.0,2,,,,""
2017-06-04,Log Press,Shoulders,60.0,1,,,,""
2017-06-04,T-Bar Row,Back,30.0,10,,,,""
2017-06-04,T-Bar Row,Back,45.0,10,,,,""
2017-06-04,Log Press,Shoulders,70.0,1,,,,""
2017-06-04,Log Press,Shoulders,80.0,1,,,,""
2017-06-04,Log Press,Shoulders,80.0,1,,,,""
2017-06-04,Log Press,Shoulders,80.0,1,,,,""
2017-06-04,Log Press,Shoulders,70.0,2,,,,""
2017-06-04,Log Press,Shoulders,70.0,2,,,,""
2017-06-04,Log Press,Shoulders,70.0,2,,,,""
2017-06-04,Dip Machine,Triceps,70.0,12,,,,""
2017-06-04,Seated Machine Curl,Biceps,20.0,10,,,,""
2017-06-04,Dip Machine,Triceps,90.0,12,,,,""
2017-06-04,Seated Machine Curl,Biceps,20.0,10,,,,""
2017-06-04,Seated Machine Curl,Biceps,15.0,10,,,,""
2017-06-04,Dip Machine,Triceps,110.0,10,,,,""
2017-06-04,Incline Barbell Bench Press,Chest,60.0,10,,,,""
2017-06-04,Incline Barbell Bench Press,Chest,70.0,6,,,,""
2017-06-04,Incline Barbell Bench Press,Chest,80.0,3,,,,""
2017-06-05,Deadlift,Back,60.0,3,,,,""
2017-06-05,Deadlift,Back,100.0,3,,,,""
2017-06-05,Deadlift,Back,140.0,1,,,,""
2017-06-05,Deadlift,Back,180.0,1,,,,""
2017-06-05,Deadlift,Back,200.0,1,,,,""
2017-06-05,Row Machine,Back,57.5,12,,,,""
2017-06-05,Row Machine,Back,45.0,15,,,,""
2017-06-05,Lat Pulldown,Back,72.5,12,,,,""
2017-06-05,Lat Pulldown,Back,65.0,12,,,,""
2017-06-07,Flat Barbell Bench Press,Chest,110.0,1,,,,""
2017-06-07,Flat Barbell Bench Press,Chest,115.0,1,,,,""
2017-06-07,Flat Barbell Bench Press,Chest,100.0,3,,,,""
2017-06-07,Flat Barbell Bench Press,Chest,100.0,3,,,,""
2017-06-07,Flat Barbell Bench Press,Chest,100.0,3,,,,""
2017-06-07,Close Grip Barbell Bench Press,Triceps,90.0,7,,,,""
2017-06-07,Close Grip Barbell Bench Press,Triceps,90.0,5,,,,""
2017-06-07,Incline Dumbbell Bench Press,Chest,30.0,12,,,,""
2017-06-07,Incline Dumbbell Bench Press,Chest,35.0,10,,,,""
2017-06-07,Incline Dumbbell Bench Press,Chest,40.0,5,,,,""
2017-06-07,Incline Dumbbell Bench Press,Chest,30.0,10,,,,""
2017-06-07,Pull Up,Back,0.0,7,,,,""
2017-06-07,Pull Up,Back,0.0,6,,,,""
2017-06-07,Pull Up,Back,0.0,5,,,,""
2017-06-07,Pull Up,Back,0.0,5,,,,""
2017-06-12,Flat Barbell Bench Press,Chest,60.0,3,,,,""
2017-06-12,Flat Barbell Bench Press,Chest,60.0,3,,,,""
2017-06-12,Flat Barbell Bench Press,Chest,60.0,3,,,,""
2017-06-12,Flat Barbell Bench Press,Chest,60.0,3,,,,""
2017-06-12,Flat Barbell Bench Press,Chest,60.0,3,,,,""
2017-06-12,Flat Barbell Bench Press,Chest,60.0,3,,,,""
2017-06-12,Overhead Press,Shoulders,50.0,5,,,,""
2017-06-12,Overhead Press,Shoulders,55.0,5,,,,""
2017-06-12,Overhead Press,Shoulders,60.0,5,,,,""
2017-06-12,Military Press,Shoulders,50.0,10,,,,""
2017-06-12,Military Press,Shoulders,60.0,8,,,,""
2017-06-12,Incline Dumbbell Bench Press,Chest,35.0,8,,,,""
2017-06-12,Incline Dumbbell Bench Press,Chest,35.0,7,,,,""
2017-06-12,Parallel Bar Triceps Dip,Triceps,0.0,12,,,,""
2017-06-12,Pull Up,Back,0.0,10,,,,""
2017-06-12,Parallel Bar Triceps Dip,Triceps,10.0,10,,,,""
2017-06-12,Pull Up,Back,10.0,7,,,,""
2017-06-12,Pull Up,Back,10.0,8,,,,""
2017-06-12,Parallel Bar Triceps Dip,Triceps,10.0,10,,,,""
2017-06-12,Parallel Bar Triceps Dip,Triceps,10.0,8,,,,""
2017-06-12,Pull Up,Back,10.0,4,,,,""
2017-06-13,Barbell Squat,Legs,60.0,3,,,,""
2017-06-13,Barbell Squat,Legs,100.0,3,,,,""
2017-06-13,Barbell Squat,Legs,140.0,1,,,,""
2017-06-13,Barbell Squat,Legs,160.0,1,,,,""
2017-06-13,Barbell Squat,Legs,130.0,6,,,,""
2017-06-13,Snatch Grip Deadlift,Back,100.0,5,,,,""
2017-06-13,Snatch Grip Deadlift,Back,110.0,5,,,,""
2017-06-13,Snatch Grip Deadlift,Back,120.0,3,,,,""
2017-06-13,Single Leg Curl,Legs,10.0,12,,,,""
2017-06-13,Single Leg Curl,Legs,15.0,10,,,,""
2017-06-13,Single Leg Curl,Legs,15.0,8,,,,""
2017-06-13,Hammer Strength V Squat,Legs,75.0,12,,,,""
2017-06-13,Hammer Strength V Squat,Legs,135.0,15,,,,""
2017-06-13,Hammer Strength V Squat,Legs,175.0,10,,,,""
2017-06-13,Hammer Strength V Squat,Legs,195.0,10,,,,""
2017-06-13,Leg Extension Machine,Legs,30.0,15,,,,""
2017-06-13,Leg Extension Machine,Legs,40.0,12,,,,""
2017-06-13,Leg Extension Machine,Legs,50.0,12,,,,""
2017-06-15,Close Grip Barbell Bench Press,Triceps,80.0,1,,,,""
2017-06-15,Close Grip Barbell Bench Press,Triceps,90.0,1,,,,""
2017-06-15,Close Grip Barbell Bench Press,Triceps,100.0,1,,,,""
2017-06-15,Barbell Row,Back,80.0,8,,,,""
2017-06-15,Close Grip Barbell Bench Press,Triceps,80.0,8,,,,""
2017-06-15,Plank,Abs,0.0,40,,,,""
2017-06-15,Plank,Abs,0.0,20,,,,""
2017-06-15,Barbell Row,Back,80.0,8,,,,""
2017-06-15,Close Grip Barbell Bench Press,Triceps,80.0,8,,,,""
2017-06-15,Close Grip Barbell Bench Press,Triceps,80.0,8,,,,""
2017-06-15,Barbell Row,Back,80.0,8,,,,""
2017-06-15,Pull Up,Back,0.0,11,,,,""
2017-06-15,Pull Up,Back,0.0,7,,,,""
2017-06-15,Pull Up,Back,0.0,6,,,,""
2017-06-15,Pull Up,Back,0.0,5,,,,""
2017-06-15,Pull Up,Back,0.0,5,,,,""
2017-06-15,Pull Up,Back,0.0,6,,,,""
2017-06-15,T-Bar Row,Back,55.0,8,,,,""
2017-06-15,T-Bar Row,Back,60.0,8,,,,""
2017-06-15,T-Bar Row,Back,65.0,8,,,,""
2017-06-15,T-Bar Row,Back,70.0,8,,,,""
2017-06-15,T-Bar Row,Back,75.0,8,,,,""
2017-06-15,Row Machine,Back,65.0,8,,,,""
2017-06-15,Row Machine,Back,50.0,16,,,,""
2017-06-17,Log Press,Shoulders,50.0,5,,,,""
2017-06-17,Log Press,Shoulders,55.0,5,,,,""
2017-06-17,Log Press,Shoulders,60.0,5,,,,""
2017-06-17,Log Press,Shoulders,50.0,13,,,,""
2017-06-17,Yoke,Legs,,,60.0,m,0:00:00,"80kg"
2017-06-17,Yoke,Legs,,,60.0,m,0:00:00,"80kg"
2017-06-17,Yoke,Legs,,,60.0,m,0:00:00,"120"
2017-06-17,Farmer Carry,Legs,110.0,50,,,,""
2017-06-17,Farmer Carry,Legs,150.0,50,,,,""
2017-06-19,Smith Machine Bench Press,Chest,40.0,3,,,,""
2017-06-19,Smith Machine Row,Back,40.0,3,,,,""
2017-06-19,Smith Machine Row,Back,40.0,6,,,,""
2017-06-19,Smith Machine Bench Press,Chest,40.0,3,,,,""
2017-06-19,Smith Machine Bench Press,Chest,40.0,3,,,,""
2017-06-19,Smith Machine Row,Back,40.0,8,,,,""
2017-06-19,Smith Machine Bench Press,Chest,40.0,3,,,,""
2017-06-19,Smith Machine Row,Back,40.0,10,,,,""
2017-06-19,Smith Machine Bench Press,Chest,40.0,3,,,,""
2017-06-19,Smith Machine Row,Back,40.0,10,,,,""
2017-06-19,Smith Machine Bench Press,Chest,40.0,3,,,,""
2017-06-19,Smith Machine Row,Back,40.0,10,,,,""
2017-06-19,Smith Machine Row,Back,40.0,10,,,,""
2017-06-19,Smith Machine Bench Press,Chest,40.0,3,,,,""
2017-06-19,Smith Machine Bench Press,Chest,40.0,3,,,,""
2017-06-19,Smith Machine Row,Back,40.0,10,,,,""
2017-06-19,Overhead Press,Shoulders,55.0,5,,,,""
2017-06-19,Overhead Press,Shoulders,57.5,5,,,,""
2017-06-19,Overhead Press,Shoulders,60.0,5,,,,""
2017-06-19,Machine Shoulder Press (FX),Shoulders,100.0,8,,,,""
2017-06-19,Pull Up,Back,10.0,5,,,,""
2017-06-19,Pull Up,Back,10.0,5,,,,""
2017-06-19,Machine Shoulder Press (FX),Shoulders,130.0,8,,,,""
2017-06-19,Incline Dumbbell Bench Press,Chest,30.0,8,,,,""
2017-06-19,Incline Dumbbell Bench Press,Chest,32.5,8,,,,""
2017-06-19,Parallel Bar Triceps Dip,Triceps,0.0,20,,,,""
2017-06-19,Parallel Bar Triceps Dip,Triceps,0.0,20,,,,""
2017-06-19,Dumbbell Curl,Biceps,10.0,12,,,,""
2017-06-19,Dumbbell Curl,Biceps,10.0,12,,,,""
2017-06-19,Dumbbell Curl,Biceps,10.0,12,,,,""
2017-06-20,Snatch Grip Deadlift,Back,100.0,1,,,,""
2017-06-20,Snatch Grip Deadlift,Back,140.0,1,,,,""
2017-06-20,Snatch Grip Deadlift,Back,160.0,1,,,,""
2017-06-20,Snatch Grip Deadlift,Back,170.0,1,,,,""
2017-06-20,Snatch Grip Deadlift,Back,120.0,12,,,,""
2017-06-20,High Bar Squat,Legs,120.0,5,,,,""
2017-06-20,High Bar Squat,Legs,125.0,5,,,,""
2017-06-20,High Bar Squat,Legs,130.0,5,,,,""
2017-06-20,Seated Leg Curl Machine,Legs,45.0,10,,,,""
2017-06-20,Seated Leg Curl Machine,Legs,50.0,10,,,,""
2017-06-20,Seated Leg Curl Machine,Legs,35.0,12,,,,""
2017-06-20,Squat Machine,Legs,160.0,12,,,,""
2017-06-20,Squat Machine,Legs,110.0,6,,,,""
2017-06-22,2 Board Medium Grip,Triceps,100.0,1,,,,""
2017-06-22,2 Board Medium Grip,Triceps,110.0,1,,,,""
2017-06-22,2 Board Medium Grip,Triceps,120.0,1,,,,""
2017-06-22,2 Board Medium Grip,Triceps,130.0,1,,,,""
2017-06-22,2 Board Medium Grip,Triceps,140.0,1,,,,""
2017-06-22,Close Grip Barbell Bench Press,Triceps,80.0,8,,,,""
2017-06-22,Barbell Row,Back,80.0,8,,,,""
2017-06-22,Barbell Row,Back,80.0,8,,,,""
2017-06-22,Close Grip Barbell Bench Press,Triceps,80.0,8,,,,""
2017-06-22,Pull Up,Back,0.0,13,,,,""
2017-06-22,Pull Up,Back,0.0,7,,,,""
2017-06-22,Close Grip Barbell Bench Press,Triceps,80.0,8,,,,""
2017-06-22,Barbell Row,Back,80.0,8,,,,""
2017-06-22,Pull Up,Back,0.0,7,,,,""
2017-06-22,Pull Up,Back,0.0,7,,,,""
2017-06-22,Pull Up,Back,0.0,6,,,,""
2017-06-24,Log Press,Shoulders,50.0,5,,,,""
2017-06-24,Log Press,Shoulders,60.0,5,,,,""
2017-06-24,Log Press,Shoulders,65.0,5,,,,""
2017-06-24,Log Press,Shoulders,55.0,12,,,,""
2017-06-24,Yoke,Legs,,,25.0,m,0:00:00,"120kg"
2017-06-24,Yoke,Legs,,,25.0,m,0:00:00,"140kg"
2017-06-24,Yoke,Legs,,,25.0,m,0:00:00,"140kg"
2017-06-24,Farmer Carry,Legs,160.0,25,,,,""
2017-06-24,Farmer Carry,Legs,200.0,25,,,,""
2017-06-26,Overhead Press,Shoulders,55.0,5,,,,""
2017-06-26,Overhead Press,Shoulders,60.0,5,,,,""
2017-06-26,Overhead Press,Shoulders,65.0,5,,,,""
2017-06-26,Barbell Row,Back,60.0,3,,,,""
2017-06-26,Barbell Row,Back,60.0,3,,,,""
2017-06-26,Flat Barbell Bench Press,Chest,60.0,3,,,,""
2017-06-26,Flat Barbell Bench Press,Chest,60.0,3,,,,""
2017-06-26,Flat Barbell Bench Press,Chest,60.0,3,,,,""
2017-06-26,Barbell Row,Back,60.0,3,,,,""
2017-06-26,Barbell Row,Back,60.0,3,,,,""
2017-06-26,Flat Barbell Bench Press,Chest,60.0,3,,,,""
2017-06-26,Flat Barbell Bench Press,Chest,60.0,3,,,,""
2017-06-26,Barbell Row,Back,60.0,3,,,,""
2017-06-26,Barbell Row,Back,60.0,3,,,,""
2017-06-26,Flat Barbell Bench Press,Chest,60.0,3,,,,""
2017-06-26,Flat Barbell Bench Press,Chest,60.0,3,,,,""
2017-06-26,Barbell Row,Back,60.0,3,,,,""
2017-06-26,Incline Barbell Bench Press,Chest,70.0,8,,,,""
2017-06-26,Incline Barbell Bench Press,Chest,70.0,8,,,,""
2017-06-26,Incline Barbell Bench Press,Chest,70.0,6,,,,""
2017-06-26,Viking Press,Shoulders,20.0,6,,,,"+ Stack"
2017-06-26,Viking Press,Shoulders,20.0,6,,,,""
2017-06-26,Viking Press,Shoulders,10.0,6,,,,""
2017-06-26,Parallel Bar Triceps Dip,Triceps,10.0,8,,,,""
2017-06-26,Parallel Bar Triceps Dip,Triceps,10.0,8,,,,""
2017-06-26,Parallel Bar Triceps Dip,Triceps,10.0,8,,,,""
2017-06-26,Parallel Bar Triceps Dip,Triceps,10.0,8,,,,""
2017-06-26,Row Machine,Back,20.0,20,,,,""
2017-06-26,Row Machine,Back,20.0,20,,,,""
2017-06-28,Safety Squat Bar,Legs,60.0,4,,,,""
2017-06-28,Safety Squat Bar,Legs,100.0,2,,,,""
2017-06-28,Safety Squat Bar,Legs,120.0,1,,,,""
2017-06-28,Safety Squat Bar,Legs,140.0,1,,,,""
2017-06-28,Safety Squat Bar,Legs,150.0,1,,,,""
2017-06-28,Safety Squat Bar,Legs,160.0,1,,,,""
2017-06-28,Safety Squat Bar,Legs,120.0,12,,,,""
2017-06-28,Snatch Grip Deadlift,Back,140.0,5,,,,""
2017-06-28,Snatch Grip Deadlift,Back,150.0,5,,,,""
2017-06-28,Snatch Grip Deadlift,Back,160.0,5,,,,""
2017-07-01,Flat Barbell Bench Press,Chest,60.0,3,,,,""
2017-07-01,Flat Barbell Bench Press,Chest,80.0,2,,,,""
2017-07-01,Flat Barbell Bench Press,Chest,100.0,1,,,,""
2017-07-01,Flat Barbell Bench Press,Chest,110.0,1,,,,""
2017-07-01,Flat Barbell Bench Press,Chest,120.0,1,,,,""
2017-07-01,Flat Barbell Bench Press,Chest,125.0,1,,,,""
2017-07-01,Flat Barbell Bench Press,Chest,130.0,1,,,,""
2017-07-01,Flat Barbell Bench Press,Chest,100.0,5,,,,""
2017-07-01,Flat Barbell Bench Press,Chest,100.0,5,,,,""
2017-07-01,Flat Barbell Bench Press,Chest,100.0,5,,,,""
2017-07-01,Incline Hammer Strength Chest Press,Chest,50.0,10,,,,""
2017-07-01,Incline Hammer Strength Chest Press,Chest,40.0,7,,,,""
2017-07-01,Decline Hammer Strength Chest Press,Chest,40.0,7,,,,""
2017-07-05,Overhead Press,Shoulders,55.0,5,,,,""
2017-07-05,Overhead Press,Shoulders,60.0,5,,,,""
2017-07-05,Overhead Press,Shoulders,65.0,6,,,,""
2017-07-05,Flat Barbell Bench Press,Chest,50.0,3,,,,"+ chains"
2017-07-05,Flat Barbell Bench Press,Chest,50.0,3,,,,""
2017-07-05,Flat Barbell Bench Press,Chest,50.0,3,,,,""
2017-07-05,Flat Barbell Bench Press,Chest,50.0,3,,,,""
2017-07-05,Flat Barbell Bench Press,Chest,50.0,3,,,,""
2017-07-05,Flat Barbell Bench Press,Chest,50.0,3,,,,""
2017-07-05,Incline Barbell Bench Press,Chest,70.0,8,,,,""
2017-07-05,Incline Barbell Bench Press,Chest,70.0,8,,,,""
2017-07-05,Incline Barbell Bench Press,Chest,70.0,4,,,,""
2017-07-05,Hammer Strength Row,Back,40.0,15,,,,""
2017-07-05,Hammer Strength Row,Back,50.0,12,,,,""
2017-07-05,Hammer Strength Row,Back,60.0,10,,,,""
2017-07-05,Hammer Strength Row,Back,70.0,8,,,,""
2017-07-05,Hammer Strength Row,Back,40.0,12,,,,""
2017-07-05,Lat Pulldown,Back,76.0,9,,,,""
2017-07-05,Lat Pulldown,Back,76.0,10,,,,""
2017-07-05,Lat Pulldown,Back,76.0,10,,,,""
2017-07-05,EZ-Bar Preacher Curl,Biceps,25.0,6,,,,""
2017-07-05,EZ-Bar Preacher Curl,Biceps,25.0,8,,,,""
2017-07-05,EZ-Bar Preacher Curl,Biceps,25.0,4,,,,""
2017-07-05,Viking Press,Shoulders,0.0,8,,,,""
2017-07-05,Viking Press,Shoulders,0.0,8,,,,""
2017-07-05,Viking Press,Shoulders,0.0,8,,,,""
2017-07-07,Barbell Squat,Legs,60.0,8,,,,""
2017-07-07,Barbell Squat,Legs,60.0,8,,,,""
2017-07-07,Barbell Squat,Legs,60.0,8,,,,""
2017-07-07,Barbell Squat,Legs,60.0,6,,,,""
2017-07-07,Hack Squat,Legs,45.0,10,,,,""
2017-07-07,Hack Squat,Legs,75.0,10,,,,""
2017-07-07,Hack Squat,Legs,85.0,6,,,,""
2017-07-07,Lying Leg Curl Machine,Legs,6.0,8,,,,"Plate 6"
2017-07-07,Lying Leg Curl Machine,Legs,6.0,8,,,,""
2017-07-07,Lying Leg Curl Machine,Legs,6.0,8,,,,""
2017-07-07,Leg Extension Machine,Legs,5.0,20,,,,"Plate 5"
2017-07-07,Leg Extension Machine,Legs,5.0,8,,,,""
2017-07-08,Flat Barbell Bench Press,Chest,100.0,1,,,,""
2017-07-08,Flat Barbell Bench Press,Chest,110.0,1,,,,""
2017-07-08,Flat Barbell Bench Press,Chest,120.0,1,,,,""
2017-07-08,Flat Barbell Bench Press,Chest,100.0,8,,,,""
2017-07-08,Flat Barbell Bench Press,Chest,100.0,8,,,,""
2017-07-08,Flat Barbell Bench Press,Chest,100.0,8,,,,""
2017-07-08,Flat Barbell Bench Press,Chest,100.0,8,,,,""
2017-07-08,Incline Dumbbell Bench Press,Chest,30.0,8,,,,""
2017-07-08,Incline Dumbbell Bench Press,Chest,35.0,8,,,,""
2017-07-08,Incline Dumbbell Bench Press,Chest,40.0,8,,,,""
2017-07-08,Incline Dumbbell Bench Press,Chest,40.0,6,,,,""
2017-07-08,Incline Dumbbell Bench Press,Chest,32.5,12,,,,""
2017-07-08,Incline Hammer Strength Chest Press,Chest,40.0,8,,,,""
2017-07-08,Incline Hammer Strength Chest Press,Chest,40.0,7,,,,""
2017-07-08,Incline Hammer Strength Chest Press,Chest,40.0,7,,,,""
2017-07-11,Squats With Wraps,Legs,140.0,0,,,,""
2017-07-11,Squats With Wraps,Legs,150.0,1,,,,""
2017-07-11,Squats With Wraps,Legs,160.0,1,,,,""
2017-07-11,Step Ups,Legs,60.0,6,,,,""
2017-07-11,Step Ups,Legs,60.0,6,,,,""
2017-07-11,Step Ups,Legs,60.0,6,,,,""
2017-07-11,Seated Leg Curl Machine,Legs,52.0,12,,,,""
2017-07-11,Seated Leg Curl Machine,Legs,40.0,15,,,,""
2017-07-11,Leg Extension Machine,Legs,60.0,13,,,,""
2017-07-11,Leg Extension Machine,Legs,50.0,15,,,,""
2017-07-12,Flat Dumbbell Bench Press,Chest,40.0,9,,,,""
2017-07-12,Flat Dumbbell Fly,Chest,18.0,10,,,,""
2017-07-12,Flat Dumbbell Bench Press,Chest,36.0,13,,,,""
2017-07-12,Flat Dumbbell Fly,Chest,18.0,12,,,,""
2017-07-12,Flat Dumbbell Fly,Chest,10.0,12,,,,""
2017-07-12,Clean And Press,Shoulders,50.0,12,,,,""
2017-07-12,Lateral Dumbbell Raise,Shoulders,14.0,15,,,,""
2017-07-12,Clean And Press,Shoulders,50.0,8,,,,""
2017-07-12,Lateral Dumbbell Raise,Shoulders,14.0,14,,,,""
2017-07-12,Close Grip Barbell Bench Press,Triceps,80.0,12,,,,""
2017-07-12,DB Skull Crushers,Triceps,14.0,15,,,,""
2017-07-12,Close Grip Barbell Bench Press,Triceps,80.0,9,,,,""
2017-07-12,DB Skull Crushers,Triceps,18.0,8,,,,""
2017-07-14,Barbell Row,Back,80.0,12,,,,""
2017-07-14,Barbell Row,Back,95.0,12,,,,""
2017-07-14,Pull Up,Back,10.0,8,,,,""
2017-07-14,Pull Up,Back,10.0,6,,,,""
2017-07-14,Seated Cable Row,Back,76.0,12,,,,""
2017-07-14,Seated Cable Row,Back,83.0,8,,,,""
2017-07-14,Lat Pulldown,Back,79.0,10,,,,""
2017-07-14,Lat Pulldown,Back,88.5,7,,,,""
2017-07-14,Row Machine,Back,52.0,12,,,,""
2017-07-14,Row Machine,Back,66.0,8,,,,""
2017-07-14,BB Shrugs,Back,120.0,10,,,,""
2017-07-14,BB Shrugs,Back,130.0,8,,,,""
2017-07-14,Dumbbell Curl,Biceps,18.0,8,,,,""
2017-07-14,Dumbbell Curl,Biceps,22.0,7,,,,""
2017-07-15,Leg Extension Machine,Legs,100.0,12,,,,""
2017-07-15,Leg Extension Machine,Legs,120.0,10,,,,""
2017-07-15,Squats With Wraps,Legs,140.0,1,,,,""
2017-07-15,Squats With Wraps,Legs,160.0,1,,,,""
2017-07-15,Squats With Wraps,Legs,170.0,1,,,,""
2017-07-15,Squats With Wraps,Legs,150.0,6,,,,""
2017-07-15,Squats With Wraps,Legs,140.0,4,,,,""
2017-07-15,Hack Squat,Legs,80.0,12,,,,""
2017-07-15,Hack Squat,Legs,100.0,8,,,,""
2017-07-15,Lying Leg Curl Machine,Legs,15.0,12,,,,""
2017-07-15,Lying Leg Curl Machine,Legs,20.0,6,,,,""
2017-07-15,Stiff Leg Db,Legs,35.0,12,,,,""
2017-07-15,Stiff Leg Db,Legs,100.0,8,,,,""
2017-07-17,Incline Barbell Bench Press,Chest,70.0,12,,,,""
2017-07-17,Incline Barbell Bench Press,Chest,80.0,7,,,,""
2017-07-17,Incline Dumbbell Fly,Chest,18.0,10,,,,""
2017-07-17,Incline Dumbbell Fly,Chest,16.0,12,,,,""
2017-07-17,Incline Dumbbell Fly,Chest,12.0,10,,,,""
2017-07-17,Incline Dumbbell Fly,Chest,10.0,6,,,,""
2017-07-17,Dumbbell Shoulder Press,Shoulders,28.0,12,,,,""
2017-07-17,Upright Row,Shoulders,37.5,12,,,,""
2017-07-17,Dumbbell Shoulder Press,Shoulders,34.0,8,,,,""
2017-07-17,Upright Row,Shoulders,45.0,12,,,,""
2017-07-17,Parallel Bar Triceps Dip,Triceps,10.0,12,,,,""
2017-07-17,JM Press,Triceps,30.0,12,,,,""
2017-07-17,Parallel Bar Triceps Dip,Triceps,18.0,8,,,,""
2017-07-17,JM Press,Triceps,35.0,12,,,,""
2017-07-18,Deadlift,Back,160.0,12,,,,""
2017-07-18,Deadlift,Back,170.0,8,,,,""
2017-07-18,Pull Up,Back,8.0,8,,,,""
2017-07-18,Pull Up,Back,10.0,6,,,,""
2017-07-18,Seated Cable Row,Back,79.0,12,,,,""
2017-07-18,Seated Cable Row,Back,86.0,8,,,,""
2017-07-18,Underhand Pull Down,Back,73.0,12,,,,""
2017-07-18,Underhand Pull Down,Back,86.0,6,,,,""
2017-07-18,DB Row,Back,38.0,12,,,,""
2017-07-18,DB Row,Back,42.0,9,,,,""
2017-07-18,Rear Delt Dumbbell Raise,Shoulders,10.0,12,,,,""
2017-07-18,Rear Delt Dumbbell Raise,Shoulders,12.0,8,,,,""
2017-07-18,BB Shrugs,Back,120.0,12,,,,""
2017-07-18,BB Shrugs,Back,132.5,9,,,,""
2017-07-18,Barbell Curl,Biceps,30.0,12,,,,""
2017-07-18,Barbell Curl,Biceps,40.0,8,,,,""
2017-07-19,Barbell Front Squat,Legs,90.0,12,,,,""
2017-07-19,Barbell Front Squat,Legs,105.0,7,,,,""
2017-07-19,Smith Squat,Legs,80.0,10,,,,""
2017-07-19,Smith Squat,Legs,100.0,8,,,,""
2017-07-19,Leg Extension Puregym,Legs,59.0,12,,,,""
2017-07-19,Leg Extension Puregym,Legs,73.0,8,,,,""
2017-07-19,Seated Curl Puregym,Legs,59.0,10,,,,""
2017-07-19,Seated Curl Puregym,Legs,68.3,5,,,,""
2017-07-19,Hip Addiction Puregym,Legs,25.0,12,,,,""
2017-07-19,Hip Addiction Puregym,Legs,39.0,8,,,,""
2017-07-19,Stiff-Legged Deadlift,Legs,120.0,10,,,,""
2017-07-19,Stiff-Legged Deadlift,Legs,140.0,4,,,,""
2017-07-20,Flat Dumbbell Fly,Chest,18.0,12,,,,""
2017-07-20,Flat Dumbbell Bench Press,Chest,38.0,12,,,,""
2017-07-20,Flat Dumbbell Bench Press,Chest,42.0,8,,,,""
2017-07-20,Flat Dumbbell Fly,Chest,20.0,9,,,,""
2017-07-20,Flat Dumbbell Fly,Chest,14.0,9,,,,""
2017-07-20,Flat Dumbbell Fly,Chest,8.0,9,,,,""
2017-07-20,Clean And Press,Shoulders,52.5,10,,,,""
2017-07-20,Lateral Dumbbell Raise,Shoulders,14.0,12,,,,""
2017-07-20,Clean And Press,Shoulders,55.0,6,,,,""
2017-07-20,Lateral Dumbbell Raise,Shoulders,16.0,12,,,,""
2017-07-20,Close Grip Barbell Bench Press,Triceps,82.5,12,,,,""
2017-07-20,DB Skull Crushers,Triceps,16.0,12,,,,""
2017-07-20,Close Grip Barbell Bench Press,Triceps,92.5,7,,,,""
2017-07-20,DB Skull Crushers,Triceps,18.0,12,,,,""
2017-07-21,Barbell Row,Back,90.0,12,,,,""
2017-07-21,Barbell Row,Back,100.0,12,,,,""
2017-07-21,Pull Up,Back,8.0,9,,,,""
2017-07-21,Pull Up,Back,12.0,6,,,,""
2017-07-21,Seated Cable Row,Back,77.0,12,,,,""
2017-07-21,Seated Cable Row,Back,87.0,10,,,,""
2017-07-21,Lat Pulldown,Back,77.0,12,,,,""
2017-07-21,Lat Pulldown,Back,87.0,7,,,,""
2017-07-21,Hammer Strength Row,Back,90.0,10,,,,""
2017-07-21,Hammer Strength Row,Back,100.0,6,,,,""
2017-07-21,Rear Delt Machine Fly,Shoulders,32.5,12,,,,""
2017-07-21,Rear Delt Machine Fly,Shoulders,52.5,12,,,,""
2017-07-21,BB Shrugs,Back,122.5,13,,,,""
2017-07-21,BB Shrugs,Back,135.0,10,,,,""
2017-07-21,Dumbbell Curl,Biceps,36.0,10,,,,""
2017-07-21,Dumbbell Curl,Biceps,48.0,4,,,,""
2017-07-22,Squats With Wraps,Legs,152.5,6,,,,""
2017-07-22,Squats With Wraps,Legs,140.0,9,,,,""
2017-07-22,Leg Extension Machine,Legs,60.0,12,,,,"PF"
2017-07-22,Leg Extension Machine,Legs,70.0,8,,,,"PF"
2017-07-22,Hack Squat PF,Legs,70.0,10,,,,""
2017-07-22,Hack Squat PF,Legs,90.0,6,,,,""
2017-07-22,Lying Hamstring Curl PF,Legs,40.0,12,,,,""
2017-07-22,Lying Hamstring Curl PF,Legs,50.0,8,,,,""
2017-07-22,Glute-Ham Raise,Legs,0.0,12,,,,""
2017-07-23,Incline Hammer Strength Chest Press,Chest,90.0,12,,,,""
2017-07-23,Incline Hammer Strength Chest Press,Chest,110.0,8,,,,""
2017-07-23,Incline Dumbbell Fly,Chest,20.0,10,,,,""
2017-07-23,Incline Dumbbell Fly,Chest,22.0,5,,,,""
2017-07-23,Incline Dumbbell Fly,Chest,14.0,10,,,,""
2017-07-23,Incline Dumbbell Fly,Chest,10.0,10,,,,""
2017-07-23,Dumbbell Shoulder Press,Shoulders,36.0,6,,,,""
2017-07-23,Dumbbell Shoulder Press,Shoulders,30.0,12,,,,""
2017-07-23,Lateral Machine Raise,Shoulders,40.0,12,,,,""
2017-07-23,Lateral Machine Raise,Shoulders,55.0,8,,,,""
2017-07-23,Parallel Bar Triceps Dip,Triceps,15.0,12,,,,""
2017-07-23,Parallel Bar Triceps Dip,Triceps,20.0,8,,,,""
2017-07-23,Overhead Cable Extension,Triceps,30.0,12,,,,""
2017-07-23,Overhead Cable Extension,Triceps,45.0,8,,,,""
2017-07-24,Underhand Pull Down,Back,79.0,12,,,,""
2017-07-24,Underhand Pull Down,Back,88.3,8,,,,""
2017-07-24,Seated Cable Row,Back,79.0,12,,,,""
2017-07-24,Seated Cable Row,Back,88.3,8,,,,""
2017-07-24,Pull Up,Back,8.0,8,,,,""
2017-07-24,DB Row,Back,40.0,12,,,,""
2017-07-24,DB Row,Back,44.0,10,,,,""
2017-07-24,Rear Delt Machine Fly,Shoulders,39.0,12,,,,""
2017-07-24,Rear Delt Machine Fly,Shoulders,59.0,12,,,,""
2017-07-24,DB Shrugs,Biceps,80.0,12,,,,""
2017-07-24,DB Shrugs,Biceps,92.0,10,,,,""
2017-07-24,Barbell Curl,Biceps,40.0,10,,,,""
2017-07-24,Barbell Curl,Biceps,42.5,7,,,,""
2017-07-25,Barbell Front Squat,Legs,95.0,12,,,,""
2017-07-25,Barbell Front Squat,Legs,110.0,6,,,,""
2017-07-25,Smith Squat,Legs,90.0,12,,,,""
2017-07-25,Smith Squat,Legs,110.0,8,,,,""
2017-07-25,Leg Extension Puregym,Legs,61.3,12,,,,""
2017-07-25,Leg Extension Puregym,Legs,74.3,8,,,,""
2017-07-25,Seated Curl Puregym,Legs,61.3,12,,,,""
2017-07-25,Seated Curl Puregym,Legs,70.6,8,,,,""
2017-07-25,Hip Addiction Puregym,Legs,39.0,12,,,,""
2017-07-25,Hip Addiction Puregym,Legs,45.0,7,,,,""
2017-07-27,Flat Dumbbell Bench Press,Chest,40.0,11,,,,""
2017-07-27,Flat Dumbbell Bench Press,Chest,44.0,9,,,,""
2017-07-27,Flat Dumbbell Fly,Chest,18.0,11,,,,""
2017-07-27,Flat Dumbbell Fly,Chest,14.0,11,,,,""
2017-07-27,Flat Dumbbell Fly,Chest,8.0,8,,,,""
2017-07-27,Clean And Press,Shoulders,52.5,12,,,,""
2017-07-27,Lateral Dumbbell Raise,Shoulders,16.0,12,,,,""
2017-07-27,Clean And Press,Shoulders,57.5,7,,,,""
2017-07-27,Lateral Dumbbell Raise,Shoulders,18.0,10,,,,""
2017-07-27,Close Grip Barbell Bench Press,Triceps,87.5,12,,,,""
2017-07-27,Close Grip Barbell Bench Press,Triceps,95.0,8,,,,""
2017-07-27,DB Skull Crushers,Triceps,18.0,12,,,,""
2017-07-27,DB Skull Crushers,Triceps,20.0,6,,,,""
2017-08-01,Low Incline DB Press,Chest,36.0,12,,,,""
2017-08-01,Low Incline DB Press,Chest,40.0,8,,,,""
2017-08-01,High Incline DB Press,Chest,30.0,10,,,,""
2017-08-01,High Incline DB Press,Chest,36.0,6,,,,""
2017-08-01,Close Grip Floor Press,Triceps,80.0,12,,,,""
2017-08-01,Close Grip Floor Press,Triceps,90.0,6,,,,""
2017-08-01,Parallel Bar Triceps Dip,Triceps,16.0,12,,,,""
2017-08-01,Parallel Bar Triceps Dip,Triceps,22.0,8,,,,""
2017-08-01,Barbell Row,Back,80.0,12,,,,""
2017-08-01,Barbell Row,Back,90.0,12,,,,""
2017-08-01,Pull Up,Back,8.0,8,,,,""
2017-08-01,Pull Up,Back,10.0,5,,,,""
2017-08-01,Close Grip Cable Row,Back,79.0,11,,,,""
2017-08-01,Close Grip Cable Row,Back,86.0,6,,,,""
2017-08-01,Underhand Pull Down,Back,81.3,12,,,,""
2017-08-01,Underhand Pull Down,Back,88.3,7,,,,""
2017-08-01,BB Shrugs,Back,120.0,12,,,,""
2017-08-01,Lateral Dumbbell Raise,Shoulders,16.0,12,,,,""
2017-08-01,BB Shrugs,Back,135.0,12,,,,""
2017-08-01,Lateral Dumbbell Raise,Shoulders,20.0,8,,,,""
2017-08-05,Flat Barbell Bench Press,Chest,100.0,12,,,,""
2017-08-05,Flat Barbell Bench Press,Chest,110.0,7,,,,""
2017-08-05,Incline Dumbbell Bench Press,Chest,36.0,12,,,,""
2017-08-05,Incline Dumbbell Bench Press,Chest,42.0,12,,,,""
2017-08-05,Neutral Grip Db Press,Chest,42.0,11,,,,""
2017-08-05,Neutral Grip Db Press,Chest,50.0,3,,,,""
2017-08-05,EZ-Bar Skullcrusher,Triceps,45.0,11,,,,""
2017-08-05,EZ-Bar Skullcrusher,Triceps,50.0,6,,,,""
2017-08-05,T-Bar Row,Back,75.0,12,,,,""
2017-08-05,T-Bar Row,Back,85.0,6,,,,""
2017-08-05,Lat Pulldown,Back,79.0,12,,,,""
2017-08-05,Lat Pulldown,Back,88.3,8,,,,""
2017-08-05,Hammer Strength Row,Back,90.0,12,,,,""
2017-08-05,Hammer Strength Row,Back,100.0,6,,,,""
2017-08-05,Lateral Dumbbell Raise,Shoulders,18.0,12,,,,""
2017-08-05,Lateral Dumbbell Raise,Shoulders,20.0,10,,,,""
2017-08-08,Low Incline DB Press,Chest,38.0,12,,,,""
2017-08-08,Low Incline DB Press,Chest,42.0,7,,,,""
2017-08-08,High Incline BB Press,Chest,60.0,12,,,,""
2017-08-08,High Incline BB Press,Chest,70.0,6,,,,""
2017-08-08,Close Grip Floor Press,Triceps,82.5,12,,,,""
2017-08-08,Close Grip Floor Press,Triceps,92.5,5,,,,""
2017-08-08,Lat Pulldown,Back,81.3,12,,,,""
2017-08-08,Lat Pulldown,Back,93.0,6,,,,""
2017-08-08,Row Machine,Back,59.0,12,,,,""
2017-08-08,Row Machine,Back,68.3,9,,,,""
2017-08-08,Upright Row,Shoulders,37.5,12,,,,""
2017-08-08,Upright Row,Shoulders,50.0,6,,,,""
2017-08-11,Barbell Squat,Legs,60.0,5,,,,""
2017-08-11,Barbell Squat,Legs,90.0,5,,,,""
2017-08-11,Barbell Squat,Legs,100.0,5,,,,""
2017-08-11,Barbell Squat,Legs,110.0,5,,,,""
2017-08-11,Barbell Squat,Legs,120.0,5,,,,""
2017-08-11,Paused Squats,Legs,100.0,5,,,,""
2017-08-11,Paused Squats,Legs,80.0,5,,,,""
2017-08-15,Low Incline BB Press,Chest,80.0,10,,,,""
2017-08-15,Low Incline BB Press,Chest,87.5,6,,,,""
2017-08-15,High Incline DB Press,Chest,30.0,12,,,,""
2017-08-15,High Incline DB Press,Chest,36.0,4,,,,""
2017-08-15,Close Grip Barbell Bench Press,Triceps,90.0,12,,,,""
2017-08-15,Close Grip Barbell Bench Press,Triceps,97.5,6,,,,""
2017-08-15,EZ-Bar Skullcrusher,Triceps,47.5,12,,,,""
2017-08-15,EZ-Bar Skullcrusher,Triceps,52.5,5,,,,""
2017-08-15,Barbell Row,Back,100.0,12,,,,""
2017-08-15,Barbell Row,Back,110.0,8,,,,""
2017-08-15,Close Grip Pullups,Back,6.0,6,,,,""
2017-08-15,Close Grip Pullups,Back,6.0,8,,,,""
2017-08-15,Wide Grip Cable Row,Back,73.0,12,,,,""
2017-08-15,Wide Grip Cable Row,Back,81.3,9,,,,""
2017-08-15,Lat Pulldown,Back,86.0,12,,,,""
2017-08-15,Lat Pulldown,Back,88.3,8,,,,""
2017-08-15,Upright Row,Shoulders,40.0,12,,,,""
2017-08-15,Upright Row,Shoulders,45.0,7,,,,""
2017-08-15,Lateral Dumbbell Raise,Shoulders,5.0,15,,,,""
2017-08-16,Barbell Squat,Legs,130.0,12,,,,""
2017-08-16,Barbell Squat,Legs,140.0,8,,,,""
2017-08-16,Barbell Front Squat,Legs,100.0,8,,,,""
2017-08-16,Barbell Front Squat,Legs,90.0,10,,,,""
2017-08-16,DB Lunges,Legs,40.0,10,,,,""
2017-08-16,DB Lunges,Legs,52.0,7,,,,""
2017-08-16,Stiff-Legged Deadlift,Legs,130.0,12,,,,""
2017-08-16,Stiff-Legged Deadlift,Legs,140.0,10,,,,""
2017-08-16,Seated Curl Puregym,Legs,63.6,12,,,,""
2017-08-16,Seated Curl Puregym,Legs,73.0,6,,,,""
2017-08-18,Flat Barbell Bench Press,Chest,100.0,10,,,,""
2017-08-18,Flat Barbell Bench Press,Chest,105.0,5,,,,""
2017-08-18,Lat Pulldown,Back,79.0,12,,,,""
2017-08-18,Lat Pulldown,Back,86.0,8,,,,""
2017-08-18,Lateral Dumbbell Raise,Shoulders,18.0,10,,,,""
2017-08-18,Lateral Dumbbell Raise,Shoulders,20.0,8,,,,""
2017-08-24,Push Press,Shoulders,45.0,10,,,,""
2017-08-24,Pull Up,Back,0.0,10,,,,""
2017-08-24,Hanging Knee Raise,Abs,0.0,10,,,,""
2017-08-24,Push Press,Shoulders,52.5,8,,,,""
2017-08-24,Pull Up,Back,0.0,8,,,,""
2017-08-24,Hanging Knee Raise,Abs,0.0,10,,,,""
2017-08-24,Hanging Knee Raise,Abs,0.0,8,,,,""
2017-08-24,Pull Up,Back,0.0,10,,,,""
2017-08-24,Push Press,Shoulders,57.5,7,,,,""
2017-08-24,Overhead Press,Shoulders,42.5,12,,,,""
2017-08-24,Pull Up,Back,0.0,10,,,,""
2017-08-24,Lateral Dumbbell Raise,Shoulders,16.0,12,,,,""
2017-08-24,Plank,Abs,0.0,30,,,,""
2017-08-24,Pull Up,Back,0.0,8,,,,""
2017-08-24,Overhead Press,Shoulders,50.0,10,,,,""
2017-08-24,Plank,Abs,0.0,30,,,,""
2017-08-24,Plank,Abs,0.0,30,,,,""
2017-08-24,Lateral Dumbbell Raise,Shoulders,18.0,10,,,,""
2017-08-24,Lateral Dumbbell Raise,Shoulders,20.0,8,,,,""
2017-08-24,Overhead Press,Shoulders,60.0,7,,,,""
2017-08-24,S&C,Cardio,60.0,7,,,,"2 clean and press 2 clean and press KB ES"
2017-09-03,Barbell Squat,Legs,120.0,5,,,,""
2017-09-03,Barbell Squat,Legs,130.0,5,,,,""
2017-09-03,Barbell Squat,Legs,140.0,5,,,,""
2017-09-03,Barbell Squat,Legs,150.0,5,,,,""
2017-09-03,Barbell Front Squat,Legs,100.0,6,,,,""
2017-09-03,Barbell Front Squat,Legs,100.0,4,,,,""
2017-09-03,Barbell Front Squat,Legs,100.0,6,,,,""
2017-09-03,Barbell Squat,Legs,160.0,2,,,,""
2017-09-09,Safety Squat Bar,Legs,110.0,5,,,,""
2017-09-09,Safety Squat Bar,Legs,120.0,5,,,,""
2017-09-09,Safety Squat Bar,Legs,130.0,5,,,,""
2017-09-09,Safety Squat Bar,Legs,140.0,3,,,,""
2017-09-09,Vertical Leg Press,Legs,80.0,15,,,,""
2017-09-09,Vertical Leg Press,Legs,130.0,15,,,,""
2017-09-09,Vertical Leg Press,Legs,170.0,12,,,,""
2017-09-09,Leg Press,Legs,230.0,12,,,,""
2017-09-09,Leg Press,Legs,250.0,12,,,,""
2017-09-09,Leg Press,Legs,270.0,12,,,,""
2017-09-10,Flat Barbell Bench Press,Chest,80.0,3,,,,""
2017-09-10,Barbell Row,Back,80.0,3,,,,""
2017-09-10,Flat Barbell Bench Press,Chest,90.0,5,,,,""
2017-09-10,Barbell Row,Back,90.0,5,,,,""
2017-09-10,Barbell Row,Back,95.0,5,,,,""
2017-09-10,Flat Barbell Bench Press,Chest,95.0,5,,,,""
2017-09-10,Flat Barbell Bench Press,Chest,100.0,5,,,,""
2017-09-10,Barbell Row,Back,100.0,5,,,,""
2017-09-10,Barbell Row,Back,105.0,5,,,,""
2017-09-10,Flat Barbell Bench Press,Chest,105.0,5,,,,""
2017-09-10,Flat Barbell Bench Press,Chest,110.0,5,,,,""
2017-09-10,Barbell Row,Back,110.0,5,,,,""
2017-09-10,Flat Barbell Bench Press,Chest,115.0,4,,,,""
2017-09-10,Barbell Row,Back,115.0,5,,,,""
2017-09-10,Incline Hammer Strength Chest Press,Chest,87.5,12,,,,""
2017-09-10,Incline Hammer Strength Chest Press,Chest,120.0,8,,,,""
2017-09-10,Hammer Strength Row,Back,120.0,12,,,,""
2017-09-10,Hammer Strength Row,Back,140.0,5,,,,""
2017-09-10,Dip Machine,Triceps,120.0,20,,,,"+ 12 pushup"
2017-09-10,Dip Machine,Triceps,120.0,10,,,,"+ 9 pushup"
2017-09-10,Dip Machine,Triceps,120.0,10,,,,"+ 8"
2017-09-12,Deadlift,Back,155.0,8,,,,""
2017-09-12,Deadlift,Back,130.0,10,,,,""
2017-09-12,Deadlift,Back,175.0,6,,,,""
2017-09-12,Stiff-Legged Deadlift,Legs,105.0,12,,,,""
2017-09-12,Single Leg Curl,Legs,2.5,12,,,,""
2017-09-12,Single Leg Curl,Legs,5.0,12,,,,""
2017-09-12,Stiff-Legged Deadlift,Legs,120.0,10,,,,""
2017-09-12,Trap Bar Deadlift,Back,146.0,8,,,,""
2017-09-12,Trap Bar Deadlift,Back,166.0,6,,,,""
2017-09-12,Trap Bar Deadlift,Back,186.0,4,,,,""
2017-09-12,Stiff-Legged Deadlift,Legs,140.0,8,,,,""
2017-09-16,Lying Leg Curl Machine,Legs,15.0,12,,,,""
2017-09-16,High Bar Squat,Legs,120.0,5,,,,""
2017-09-16,High Bar Squat,Legs,130.0,10,,,,""
2017-09-16,High Bar Squat,Legs,140.0,6,,,,""
2017-09-16,V Squat D24,Legs,120.0,12,,,,""
2017-09-16,V Squat D24,Legs,150.0,8,,,,""
2017-09-16,Leg Extension Machine,Legs,14.24,12,,,,""
2017-09-16,Leg Extension Machine,Legs,17.24,12,,,,""
2017-09-16,Lying Leg Curl Machine,Legs,20.0,7,,,,""
2017-09-19,Deadlift,Back,165.0,10,,,,""
2017-09-19,Deadlift,Back,180.0,5,,,,""
2017-09-19,DY Row 24D,Back,80.0,12,,,,""
2017-09-19,DY Row 24D,Back,100.0,10,,,,""
2017-09-19,Lat Pulldown Close Grip,Back,7.0,12,,,,""
2017-09-19,Lat Pulldown Close Grip,Back,12.0,12,,,,""
2017-09-19,Wide Grip Cable Row,Back,8.0,12,,,,""
2017-09-19,Wide Grip Cable Row,Back,11.0,10,,,,""
2017-09-19,Iso High Row,Back,70.0,12,,,,""
2017-09-19,Iso High Row,Back,100.0,6,,,,""
2017-09-22,Flat Barbell Bench Press,Chest,90.0,10,,,,""
2017-09-22,Flat Barbell Bench Press,Chest,100.0,5,,,,""
2017-09-22,Incline Hammer Strength Chest Press,Chest,70.0,10,,,,""
2017-09-22,Incline Hammer Strength Chest Press,Chest,80.0,10,,,,""
2017-09-22,Military Press,Shoulders,40.0,10,,,,""
2017-09-22,Military Press,Shoulders,45.0,10,,,,""
2017-09-22,Lateral Dumbbell Raise,Shoulders,12.5,12,,,,""
2017-09-22,Lateral Dumbbell Raise,Shoulders,15.0,10,,,,""
2017-09-22,DB Skull Crushers,Triceps,10.0,12,,,,""
2017-09-22,DB Skull Crushers,Triceps,10.0,12,,,,""
2017-09-23,Safety Squat Bar,Legs,125.0,10,,,,""
2017-09-23,Safety Squat Bar,Legs,140.0,6,,,,""
2017-09-23,V Squat D24,Legs,130.0,15,,,,""
2017-09-23,V Squat D24,Legs,160.0,8,,,,""
2017-09-23,Plated Leg Extension,Legs,95.0,12,,,,""
2017-09-23,Plated Leg Extension,Legs,110.0,9,,,,""
2017-09-23,Stiff-Legged Deadlift,Legs,100.0,12,,,,""
2017-09-23,Stiff-Legged Deadlift,Legs,140.0,10,,,,""
2017-09-23,Single Leg Curl,Legs,30.0,8,,,,""
2017-09-23,Single Leg Curl,Legs,40.0,6,,,,""
2017-09-30,Log Press,Shoulders,60.0,5,,,,""
2017-09-30,Log Press,Shoulders,65.0,5,,,,""
2017-09-30,Log Press,Shoulders,70.0,5,,,,""
2017-09-30,Log Press,Shoulders,80.0,1,,,,""
2017-09-30,Log Press,Shoulders,85.0,1,,,,""
2017-09-30,Log Press,Shoulders,60.0,5,,,,""
2017-09-30,Overhead Press,Shoulders,50.0,3,,,,""
2017-09-30,Overhead Press,Shoulders,55.0,3,,,,""
2017-09-30,Overhead Press,Shoulders,60.0,3,,,,""
2017-09-30,Overhead Press,Shoulders,65.0,3,,,,""
2017-09-30,Barbell Row,Back,80.0,10,,,,""
2017-09-30,Barbell Row,Back,90.0,10,,,,""
2017-09-30,Barbell Row,Back,100.0,10,,,,""
2017-09-30,Iso Low Row,Back,60.0,10,,,,""
2017-09-30,Iso Low Row,Back,70.0,10,,,,""
2017-09-30,Iso Low Row,Back,80.0,8,,,,""
2017-09-30,Iso Low Row,Back,60.0,12,,,,""
2017-10-01,High Bar Squat,Legs,142.5,8,,,,""
2018-01-01,Belt Squat,Legs,50.0,15,,,,""
2018-01-01,Belt Squat,Legs,90.0,15,,,,""
2018-01-01,Belt Squat,Legs,120.0,15,,,,""
2018-01-01,Barbell Squat,Legs,120.0,12,,,,""
2018-01-01,Barbell Squat,Legs,120.0,12,,,,""
2018-01-01,Barbell Squat,Legs,120.0,12,,,,""
2018-01-01,Barbell Squat,Legs,100.0,12,,,,""
2018-01-01,Single Leg Press,Legs,35.0,15,,,,""
2018-01-01,Single Leg Press,Legs,35.0,15,,,,""
2018-01-01,Single Leg Press,Legs,45.0,15,,,,""
2018-01-01,Single Leg Press,Legs,45.0,15,,,,""
2018-01-01,Leg Extension Machine,Legs,12.0,15,,,,""
2018-01-01,Leg Extension Machine,Legs,14.0,15,,,,""
2018-01-01,Leg Extension Machine,Legs,16.0,12,,,,""
2018-01-01,Leg Extension Machine,Legs,16.0,10,,,,""
2018-01-01,Standing Calf Raise Machine,Legs,50.0,12,,,,""
2018-01-01,Standing Calf Raise Machine,Legs,50.0,8,,,,""
2018-01-01,Standing Calf Raise Machine,Legs,50.0,6,,,,""
2018-01-02,Low Incline DB Press,Chest,15.0,20,,,,""
2018-01-02,Low Incline DB Press,Chest,20.0,15,,,,""
2018-01-02,Low Incline DB Press,Chest,25.0,10,,,,""
2018-01-02,Low Incline DB Press,Chest,30.0,8,,,,""
2018-01-02,Low Incline DB Press,Chest,20.0,8,,,,""
2018-01-02,DB Skull Crushers,Triceps,15.0,20,,,,""
2018-01-02,DB Skull Crushers,Triceps,17.5,15,,,,""
2018-01-02,DB Skull Crushers,Triceps,20.0,8,,,,""
2018-01-02,DB Skull Crushers,Triceps,20.0,6,,,,""
2018-01-02,DB Skull Crushers,Triceps,12.5,12,,,,""
2018-01-02,EZ-Bar Curl,Biceps,20.0,20,,,,""
2018-01-02,EZ-Bar Curl,Biceps,25.0,15,,,,""
2018-01-02,EZ-Bar Curl,Biceps,30.0,10,,,,""
2018-01-02,EZ-Bar Curl,Biceps,35.0,6,,,,""
2018-01-02,EZ-Bar Curl,Biceps,20.0,10,,,,""
2018-01-02,Straight Bar Pushdown 3-3,Triceps,11.0,6,,,,""
2018-01-02,Straight Bar Pushdown 3-3,Triceps,12.0,6,,,,""
2018-01-02,Straight Bar Pushdown 3-3,Triceps,12.0,6,,,,""
2018-01-02,Banded Face Pull,Shoulders,1.0,20,,,,""
2018-01-02,Banded Face Pull,Shoulders,1.0,20,,,,""
2018-01-02,Banded Face Pull,Shoulders,1.0,20,,,,""
2018-01-02,Banded Face Pull,Shoulders,1.0,20,,,,""
2018-01-05,Deadlift,Back,140.0,10,,,,""
2018-01-05,Deadlift,Back,160.0,10,,,,""
2018-01-05,Sumo Deadlift,Legs,100.0,10,,,,""
2018-01-05,Sumo Deadlift,Legs,100.0,10,,,,""
2018-01-05,Barbell Row,Back,100.0,8,,,,""
2018-01-05,Barbell Row,Back,100.0,8,,,,""
2018-01-05,Barbell Row,Back,100.0,8,,,,""
2018-01-05,Neutral Chin Up,Back,1.0,8,,,,""
2018-01-05,Neutral Chin Up,Back,1.0,8,,,,""
2018-01-05,Neutral Chin Up,Back,1.0,8,,,,""
2018-01-05,Close Grip Cable Row,Back,11.0,12,,,,""
2018-01-05,Close Grip Cable Row,Back,13.0,10,,,,""
2018-01-05,Close Grip Cable Row,Back,15.0,8,,,,""
2018-01-05,Close Grip Cable Row,Back,10.0,8,,,,""
2018-01-05,Underhand Pull Down,Back,45.0,12,,,,""
2018-01-05,Underhand Pull Down,Back,72.0,11,,,,""
2018-01-05,Underhand Pull Down,Back,81.0,8,,,,""
2018-01-05,Iso Low Row,Back,90.0,8,,,,""
2018-01-05,Iso Low Row,Back,90.0,6,,,,""
2018-01-05,Iso Low Row,Back,90.0,6,,,,""
2018-01-05,Iso Low Row,Back,40.0,12,,,,""
2018-01-06,Horiz Iso Chest Press,Chest,40.0,20,,,,""
2018-01-06,Horiz Iso Chest Press,Chest,40.0,20,,,,""
2018-01-06,Horiz Iso Chest Press,Chest,40.0,20,,,,""
2018-01-06,Horiz Iso Chest Press,Chest,40.0,20,,,,""
2018-01-06,Flat Barbell Bench Press,Chest,60.0,6,,,,""
2018-01-06,Flat Barbell Bench Press,Chest,80.0,6,,,,""
2018-01-06,Flat Barbell Bench Press,Chest,90.0,6,,,,""
2018-01-06,Flat Barbell Bench Press,Chest,95.0,6,,,,""
2018-01-06,Flat Barbell Bench Press,Chest,100.0,6,,,,""
2018-01-06,Flat Barbell Bench Press,Chest,60.0,20,,,,"Wide"
2018-01-06,Flat Barbell Bench Press,Chest,60.0,10,,,,"Close"
2018-01-06,Dumbbell Shoulder Press,Shoulders,22.5,12,,,,""
2018-01-06,Dumbbell Shoulder Press,Shoulders,22.5,12,,,,""
2018-01-06,Dumbbell Shoulder Press,Shoulders,22.5,8,,,,""
2018-01-06,V-Bar Push Down,Triceps,15.0,8,,,,""
2018-01-06,V-Bar Push Down,Triceps,15.0,8,,,,""
2018-01-06,V-Bar Push Down,Triceps,15.0,7,,,,""
2018-01-06,Single Arm Cable,Triceps,2.0,15,,,,""
2018-01-06,Single Arm Cable,Triceps,3.0,12,,,,""
2018-01-06,Single Arm Cable,Triceps,4.0,8,,,,""
2018-01-06,Incline Hammer Strength Chest Press,Chest,70.0,9,,,,""
2018-01-06,Incline Hammer Strength Chest Press,Chest,70.0,7,,,,""
2018-01-06,Incline Hammer Strength Chest Press,Chest,70.0,6,,,,""
2018-01-06,Incline Hammer Strength Chest Press,Chest,50.0,4,,,,""
2018-01-06,Lateral Dumbbell Raise,Shoulders,10.0,12,,,,""
2018-01-06,Lateral Dumbbell Raise,Shoulders,10.0,12,,,,""
2018-01-06,Lateral Dumbbell Raise,Shoulders,10.0,10,,,,""
2018-01-08,Belt Squat,Legs,80.0,20,,,,""
2018-01-08,Belt Squat,Legs,120.0,20,,,,""
2018-01-08,Barbell Squat,Legs,60.0,10,,,,""
2018-01-08,Barbell Squat,Legs,100.0,10,,,,""
2018-01-08,Barbell Squat,Legs,125.0,10,,,,""
2018-01-08,Barbell Squat,Legs,125.0,10,,,,""
2018-01-08,Barbell Squat,Legs,130.0,10,,,,""
2018-01-08,Unilateral Leg Press,Legs,80.0,15,,,,""
2018-01-08,Unilateral Leg Press,Legs,80.0,15,,,,""
2018-01-08,Unilateral Leg Press,Legs,80.0,15,,,,""
2018-01-08,Unilateral Leg Press,Legs,80.0,15,,,,""
2018-01-08,Glute-Ham Raise,Legs,0.0,10,,,,""
2018-01-08,Glute-Ham Raise,Legs,0.0,10,,,,""
2018-01-08,Glute-Ham Raise,Legs,0.0,9,,,,""